,Link,Judul,Penulis,Dosen Pembimbing I,Dosen Pembimbing II,Abstrak,Label
0,https://pta.trunojoyo.ac.id/welcome/detail/080211100070,PENGARUH FAKTOR-FAKTOR PELATIHAN DAN PENGEMBANGAN TERHADAP PRODUKTIVITAS KERJA DINAS KELAUTAN DAN PERIKANAN KABUPATEN BANGKALAN,SATIYAH,"Dra. Hj. S. Anugrahini Irawati, MM","Helmi Buyung Aulia,S,ST.SE,M.MT","['abstrak', 'satiyah', 'pengaruh', 'faktorfaktor', 'pelatihan', 'pengembangan', 'produktivitas', 'kerja', 'dinas', 'kelautan', 'perikanan', 'bangkalan', 'dibawah', 'bimbingan', 'drahjsanugrahini', 'irawatimm', 'helmi', 'buyung', 'auliasstsemmt', 'upaya', 'meningkatkan', 'produktivitas', 'kerja', 'mudah', 'salah', 'usaha', 'produktivitas', 'meningkat', 'menerapkan', 'program', 'pelatihan', 'pengembangan', 'sumber', 'daya', 'manusia', 'sdm', 'dilaksanakan', 'instansi', 'produktivitas', 'tercapai', 'meningkat', 'kemampuan', 'pegawai', 'efektif', 'efisien', 'pelatihan', 'pengembnagan', 'diharapkan', 'pegawai', 'menyesuaikan', 'kebutuhankebutuhan', 'sikap', 'tingkah', 'laku', 'keterampilan', 'pengetahuan', 'sesuai', 'tuntutan', 'perubahan', 'pelatihan', 'pengembangan', 'pegawai', 'mendukung', 'terciptanya', 'suasana', 'kerja', 'kondusif', 'instansi', 'produktivitasi', 'kerja', 'meningkat', 'tujuan', 'penelitian', 'pengaruh', 'faktorfaktor', 'pelatihan', 'pengembangan', 'produktivitas', 'kerja', 'dinas', 'kelautan', 'perikanan', 'bangkalan', 'mengukur', 'menganalisa', 'hubungan', 'variabel', 'peneliti', 'pendekatan', 'observasional', 'analitik', 'pengamatan', 'langsung', 'responden', 'penyebaran', 'kuisioner', 'dianalisis', 'penelitian', 'penelitian', 'populasi', 'responden', 'sampel', 'diolah', 'spss', 'versi', 'dianalisis', 'metode', 'statistik', 'metode', 'non', 'probality', 'sampling', 'simple', 'random', 'sampling', 'kesimpulan', 'penelitian', 'faktorfaktor', 'pelatihan', 'pengembangan', 'perbedaan', 'individu', 'pegawai', 'hubungan', 'analisis', 'jabatan', 'motivasi', 'partisipasi', 'aktif', 'seleksi', 'peserta', 'seleksi', 'instruktur', 'metode', 'pelatihan', 'pengembangan', 'pengaruh', 'simultan', 'produktivitas', 'kerja', 'pegawai', 'dinas', 'kelautan', 'perikanan', 'kabupaten', 'bangkalan', 'terbukti', 'nilai', 'koefisien', 'determinasi', 'berganda', 'square', 'fhitung', 'ftabel', 'faktor', 'hubungan', 'analisis', 'jabatan', 'berpengaruh', 'parsial', 'produktivitas', 'kerja', 'pegawai', 'dinas', 'kelautan', 'perikanan', 'kabupaten', 'bangkalan', 'pengujian', 'hipotesis', 'variabel', 'motivasi', 'terbukti', 'nilai', 'thitung', 'seleksi', 'peserta', 'pengaruh', 'dominan', 'produktivitas', 'kerja', 'pegawai', 'instansi', 'dinas', 'kelautan', 'perikanan', 'bangkalan', 'kunci', 'dinas', 'kelautan', 'perikanan', 'faktorfaktor', 'pelatihan', 'pengembangan', 'produktivitas', 'kerja']",0
1,https://pta.trunojoyo.ac.id/welcome/detail/090211200001,analisis faktor-faktor yang berpengaruh terhadap kebijakan deviden pada perusahaan manufaktur yang terdaftar di BEI periode 2008-2011,Jailani,"Hj. Evaliati amaniyah, SE., M.SM","Purnamawati, SE., M.Si","['abstrak', 'tujuan', 'penelitian', 'pengaruh', 'variabel', 'current', 'ratio', 'return', 'on', 'equity', 'firm', 'size', 'leverage', 'business', 'risk', 'kebijakan', 'deviden', 'perusahaan', 'manufaktur', 'terdaftar', 'bursa', 'efek', 'indonesia', 'periode', 'pendekatan', 'penelitian', 'penelitian', 'kuantitatif', 'sampel', 'penelitian', 'perusahaan', 'manufaktur', 'membagikan', 'deviden', 'berturutturut', 'periode', 'metode', 'pengambilan', 'sampel', 'purposive', 'sampling', 'pengujian', 'instrumen', 'uji', 'asumsi', 'klasik', 'teknik', 'analisis', 'data', 'menguji', 'hipotesis', 'regresi', 'linier', 'berganda', 'memakai', 'uji', 'uji', 'berdasarkan', 'hasil', 'penelitian', 'nilai', 'square', 'berdasarkan', 'uji', 'variabel', 'current', 'ratio', 'return', 'on', 'equity', 'firm', 'size', 'leverage', 'businees', 'risk', 'simultan', 'berpengaruh', 'signifikan', 'dividend', 'payout', 'ratio', 'berdasarkan', 'uji', 'parsial', 'variabel', 'current', 'ratio', 'firm', 'size', 'businees', 'risk', 'berpengaruh', 'signifikan', 'dividend', 'payout', 'ratio', 'variabel', 'return', 'on', 'equity', 'leverage', 'berpengaruh', 'signifikan', 'dividend', 'payout', 'ratio', 'kunci', 'current', 'ratio', 'return', 'on', 'equity', 'firm', 'size', 'leverage', 'businees', 'risk']",2
2,https://pta.trunojoyo.ac.id/welcome/detail/080211100050,PENGARUH GAYA KEPEMIMPINAN DEMOKRATIK TERHADAP DISIPLIN KERJA PEGAWAI DI KANTOR KEC. PUCUK KAB. LAMONGAN JAWA TIMUR,Wahyu Kurniawan,"Dr. Dra. Hj. Iriani Ismail, MM","Dra. Hj. S. Anugrahini Irawati, MM",['nan'],0
3,https://pta.trunojoyo.ac.id/welcome/detail/100211200002,"Pengaruh Harga dan Kualitas Pelayanan terhadap Kepuasan Berbelanja pada Swalayan Tom & Jerry Bangkalan
",ALI RAHBINI,PRIBANUS WANTARA,NIRMA KURRIWATI,"['ali', 'rahbini', 'pengaruh', 'harga', 'kualitas', 'pelayanan', 'kepuasan', 'berbelanja', 'swalayan', 'tom', 'jerry', 'bangkalan', 'dibawah', 'bimbingan', 'pribanus', 'wantara', 'nirma', 'kurriwati', 'penelitian', 'bertujuan', 'mengukur', 'pengaruh', 'harga', 'kualitas', 'pelayanan', 'kepuasan', 'berbelanja', 'swalayan', 'tom', 'jerry', 'konsumen', 'berbelanja', 'swalayan', 'tom', 'jerry', 'responden', 'penelitian', 'responden', 'data', 'terkumpul', 'analisis', 'regresi', 'linier', 'berganda', 'alat', 'bantu', 'software', 'spss', 'hasil', 'analisis', 'pengujian', 'hipotesis', 'diperoleh', 'harga', 'kualitas', 'pelayanan', 'pengaruh', 'simultan', 'kepuasan', 'berbelanja', 'swalayan', 'tom', 'jerry', 'parsial', 'variabel', 'harga', 'kehandalan', 'daya', 'tanggap', 'jaminan', 'empati', 'bukti', 'fisik', 'pengaruh', 'parsial', 'kepuasan', 'berbelanja', 'swalayan', 'tom', 'jerry', 'bangkalan', 'variabel', 'harga', 'variabel', 'dominan', 'berpengaruh', 'kepuasan', 'berbelanja', 'swalayan', 'tom', 'jerry', 'bangkalan', 'kunci', 'harga', 'keandalan', 'daya', 'tanggap', 'jaminan', 'empati', 'bukti', 'fisik']",1
4,https://pta.trunojoyo.ac.id/welcome/detail/080211100044,ANALISIS PERSEPSI BRAND ASSOCIATION MENURUT PELANGGAN PAKAIAN KIDDROCK (STUDI PADA DISTRO CRANBERRIES PAMEKASAN),Faishal,Nurita Andriani,Yustina Chrismardani,"['tujuan', 'penelitian', 'persepsi', 'brand', 'association', 'pelanggan', 'pakaian', 'kiddrock', 'studi', 'distro', 'cranberries', 'pamekasan', 'penelitian', 'metode', 'deskriptif', 'metode', 'survei', 'populasi', 'penelitian', 'pelanggan', 'pakaian', 'kiddrock', 'distro', 'cranberries', 'sampel', 'penelitian', 'orang', 'responden', 'distro', 'cranberries', 'desember', 'metode', 'pengambilan', 'sampel', 'sampling', 'aksidental', 'metode', 'pengumpulan', 'data', 'penelitian', 'lapangan', 'field', 'research', 'membagikan', 'kuesioner', 'riset', 'perpustakaan', 'data', 'teknik', 'pengolahan', 'data', 'pengolaha', 'data', 'bantuan', 'perangkat', 'lunak', 'spss', 'versi', 'uji', 'validitas', 'uji', 'reabilitas', 'skala', 'likert', 'persepsi', 'konsumen', 'brand', 'association', 'dimensi', 'dimensi', 'jaminan', 'dimensi', 'identifikasi', 'pribadi', 'dimensi', 'identifikasi', 'sosial', 'dimensi', 'status', 'dimensi', 'kesediaan', 'menerima', 'perluasan', 'merek', 'dimensi', 'kesediaan', 'merekomendasikan', 'merek', 'hasil', 'analisis', 'menunjukan', 'persepsi', 'brand', 'association', 'pelanggan', 'pakaian', 'kiddrock', 'distro', 'cranberriess', 'apresisasikan', 'dimensi', 'jaminan', 'kunci', 'brand', 'association', 'presepsi', 'kiddrock', 'cranberries']",0
5,https://pta.trunojoyo.ac.id/welcome/detail/090211100025,Pengukuran Website Quality Pada Situs Sistem Akademik Online Menggunakan Analisis Tingkat Kepentingan - Kinerja (Studi Pada Portal Akademik UTM),Muhammad Zakaria Utomo,"Dr. Ir. Nurita Andriani, MM","Nirma Kurriwati, SP, M.Si","['aplikasi', 'nyata', 'pemanfaatan', 'teknologi', 'informasi', 'komunikasi', 'bidang', 'layanan', 'administrasi', 'akademik', 'perguruan', 'salah', 'satunya', 'sistem', 'portal', 'akademik', 'universitas', 'trunojoyo', 'madura', 'implementasi', 'proses', 'penyelenggaraannya', 'menemui', 'kendala', 'teknis', 'non', 'teknis', 'penelitian', 'bertujuan', 'kepuasan', 'pelanggan', 'berdasarkan', 'analisis', 'indeks', 'kepuasan', 'pelanggan', 'ditinjau', 'webqual', 'fokus', 'perbaikan', 'mutu', 'pelayanan', 'website', 'portal', 'akademik', 'universitas', 'trunjoyo', 'madura', 'berdasarkan', 'importance', 'performance', 'analysis', 'ditinjau', 'webqual', 'penelitian', 'penelitian', 'kuantitaif', 'deskriptif', 'gambaran', 'deskripsi', 'lukisan', 'sistematis', 'faktual', 'akurat', 'kualitas', 'pelayanan', 'jasa', 'online', 'mahasiswasampelpenelitianiniadalahmahasiswaangkatan', 'teknik', 'sampel', 'teknik', 'stratified', 'random', 'sampling', 'alat', 'analisis', 'indeks', 'kepuasan', 'pelanggan', 'analisis', 'tingkat', 'kepentingan', 'kinerja', 'hasil', 'penelitian', 'skor', 'indeks', 'kepuasan', 'pelanggan', 'ikp', 'masuk', 'kategori', 'puas', 'diagram', 'kartesius', 'importance', 'performance', 'atribut', 'prioritas', 'utama', 'perbaikan', 'mutu', 'situs', 'portal', 'akademik', 'universitas', 'trunojoyo', 'madura', 'informasi', 'administrasi', 'akademik', 'mahasiswa', 'jelasdetail', 'ter', 'update', 'ki', 'informasi', 'administrasi', 'akademik', 'disitus', 'portal', 'akademik', 'utm', 'dipercaya', 'ki', 'portal', 'utm', 'pengguna', 'aman', 'data', 'akademik', 'mahasiswa', 'krs', 'khs', 'transkrip', 'data', 'personal', 'sesuai', 'kip', 'kunci', 'website', 'importance', 'performance', 'webqual', 'indeks', 'kepuasan', 'pelanggan']",0
6,https://pta.trunojoyo.ac.id/welcome/detail/090211100098,"PENGARUH CELEBRITY ENDORSER IWAN FALS TERHADAP MINAT BELI PRODUK TOP COFFEE
( STUDI PADA MASYARAKAT SUMUR KEMBANG KELURAHAN PEJAGAN KECAMATAN BANGKALAN KABUPATEN BANGKALAN )",Tayyi Matun,Bambang Setiyo Pambudi,Yustina Chrismardani,"['tujuan', 'penelitian', 'pengaruh', 'celebrity', 'endorser', 'iwan', 'fals', 'minat', 'beli', 'produk', 'top', 'coffee', 'studi', 'masyarakat', 'sumur', 'kembang', 'kelurahan', 'pejagan', 'kecamatan', 'bangkalan', 'kabupaten', 'bangkalan', 'penelitian', 'metode', 'kuantitatif', 'pendekatan', 'survey', 'populasi', 'penelitian', 'masyarakat', 'sumur', 'kembang', 'kelurahan', 'pejagan', 'kecamatan', 'bangkalan', 'kabupaten', 'bangkalan', 'menngunakan', 'metode', 'sampling', 'aksidental', 'penelitian', 'responden', 'desember', 'metode', 'pengumpulan', 'data', 'penelitian', 'lapang', 'membagikan', 'kuesioner', 'riset', 'perpustakaan', 'teknik', 'pengolahan', 'data', 'pengolahan', 'data', 'bantuan', 'erangkat', 'lunak', 'spss', 'versi', 'for', 'windows', 'skala', 'likert', 'hasil', 'penelitian', 'hasil', 'uji', 'simultan', 'variabel', 'bebas', 'trustworthiness', 'expertise', 'attractiveness', 'respect', 'similarity', 'mempengaruhi', 'variabel', 'terikat', 'minet', 'beli', 'produk', 'top', 'coffee', 'hasil', 'uji', 'parsial', 'membuktikan', 'variabel', 'bebas', 'trustworthiness', 'expertise', 'attractiveness', 'respect', 'similarity', 'berpengaruh', 'signifikan', 'minat', 'beli', 'produk', 'top', 'coffee', 'disimpulkan', 'variabel', 'bebas', 'pengaruh', 'miant', 'beli', 'produk', 'top', 'coffee', 'variabel', 'trustworthiness']",0
7,https://pta.trunojoyo.ac.id/welcome/detail/080211100115,PENGARUH KEPEMIMPINAN DAN KOMPENSASI TERHADAP KINERJA PEGAWAI DINAS PENDIDIKAN KABUPATEN SAMPANG,Hendri Wahyudi Prayitno,"Dra. Hj. S Anugrahini Irawati, MM","Helmi Buyung Aulia,S,ST,SE,.MT","['abstrak', 'penelitian', 'metode', 'kuantitatif', 'menekankan', 'pengujian', 'hipotesis', 'variabel', 'penelitian', 'kepemimpinanx', 'kompensasi', 'penelitian', 'dilaksanakan', 'kantor', 'dinas', 'pendidikan', 'kabupaten', 'sampang', 'sampel', 'orang', 'pegawai', 'negeri', 'sipil', 'non', 'pns', 'hipotesis', 'variabel', 'bebas', 'bersamasama', 'hubungan', 'signifikan', 'simultan', 'kepemimpinan', 'kompensasi', 'kinerja', 'pegawai', 'terbukti', 'nilai', 'fhitung', 'tingkat', 'nilai', 'hipotesis', 'variabel', 'kompensasi', 'variabel', 'pengaruh', 'dominan', 'terbukti', 'nilai', 'hitung', 'pengaruh', 'positif', 'signifikan', 'parsial', 'variabel', 'bebas', 'variabel', 'terikat', 'kesimpulan', 'penelitian', 'pengujian', 'hipotesis', 'berdasarkan', 'pengujian', 'statistik', 'simultan', 'variabel', 'bebas', 'memiliki', 'pengaruh', 'signifikan', 'variabel', 'terikat', 'pengujian', 'hipotesis', 'membuktikan', 'variabel', 'kompensasi', 'variabel', 'berpengaruh', 'dominan', 'kinerja', 'pegawai', 'dinas', 'pendidikan', 'kabupaten', 'sampang', 'kunci', 'kepemimpinan', 'kompensasi', 'kinerja']",0
8,https://pta.trunojoyo.ac.id/welcome/detail/090211100068,PENGARUH RETAILING MIX (BAURAN ECERAN) TERHADAP KEPUTUSAN PEMBELIAN KONSUMEN (Studi Pada Indah Swalayan Bangkalan),Ali Usman,"Dr. Ir. Nurita Andriani, MM","Hadi Purnomo, SE., MM","['bauran', 'eceran', 'salah', 'langkah', 'pemasaran', 'keberhasilan', 'perusahaan', 'bergerak', 'bidang', 'produksi', 'barang', 'jasaindah', 'swalayan', 'bangkalan', 'salah', 'bisnis', 'eceran', 'bergerak', 'jual', 'beli', 'barang', 'memperhatikan', 'perilaku', 'konsumen', 'mengambil', 'keputusan', 'variabel', 'bauran', 'eceran', 'teori', 'berman', 'evans', 'foster', 'lokasi', 'pelayanan', 'produk', 'harga', 'suasana', 'harga', 'promosi', 'tujuan', 'penelitian', 'pengaruh', 'bauran', 'eceran', 'lokasi', 'pelayanan', 'produk', 'harga', 'suasana', 'harga', 'promosi', 'simultan', 'keputusan', 'pembelian', 'konsumen', 'studi', 'indah', 'swalayan', 'bangkalan', 'variabel', 'bauran', 'eceran', 'berpengaruh', 'keputusan', 'pembelian', 'studi', 'indah', 'swalayan', 'bangkalan', 'penelitian', 'pendekatan', 'pendekatan', 'kuantitatif', 'teknik', 'pengambilan', 'sampel', 'purposive', 'sampling', 'respondenteknik', 'pengumpulan', 'data', 'wawancara', 'kepustakaan', 'kuesioner', 'skala', 'likert', 'mengukur', 'respondenuntuk', 'menguji', 'instrumen', 'uji', 'validitas', 'uji', 'reliabilitas', 'uji', 'asumsi', 'klasiksedangkan', 'teknik', 'analisis', 'data', 'analisis', 'regresi', 'linier', 'berganda', 'variabel', 'variabel', 'uji', 'uji', 'hasil', 'penelitian', 'variabel', 'bauran', 'eceran', 'lokasi', 'pelayanan', 'produk', 'harga', 'suasana', 'harga', 'promosi', 'berpengaruh', 'simultan', 'keputusan', 'pembelian', 'studi', 'indah', 'swalayan', 'bangkalannamun', 'variabel', 'bauran', 'eceran', 'berpengaruh', 'parsial', 'keputusan', 'pembelian', 'indah', 'swalayan', 'bangakalanvariabel', 'harga', 'berpengaruh', 'keputusan', 'pemebelian', 'indah', 'swalayan', 'bangkalan', 'kuci', 'bauran', 'eceran', 'lokasi', 'pelayanan', 'produk', 'harga', 'suasana', 'toko', 'karyawan', 'promosi', 'keputusan', 'pembelian']",1
9,https://pta.trunojoyo.ac.id/welcome/detail/060211100513,ANALISIS CONSUMER DECISION MODEL (CDM) UNTUK MENGUKUR EFEKTIFITAS IKLAN COCA-COLA VERSI PIALA DUNIA 2010 DI TELEVISI (Studi Kasus Pada Mahasiswa Universitas Trunojoyo Madura),SYAIFUL ANWAR,"Dr. H. Pribanus Wantara,Drs, MM","Fathor AS, S.E.MM","['abstrak', 'penelitian', 'bertujuan', 'mengukur', 'efektivitas', 'iklan', 'consumer', 'decision', 'model', 'cdm', 'mahasiswa', 'universitas', 'trunojoyo', 'madura', 'responden', 'penelitian', 'orang', 'mahasiswa', 'data', 'terkumpul', 'analisis', 'jalur', 'path', 'analysis', 'alat', 'bantu', 'software', 'spss', 'hasil', 'analisis', 'pengujian', 'hipotesis', 'diperoleh', 'pengaruh', 'langsung', 'pengaruh', 'langsung', 'signifikan', 'pengaruh', 'langsung', 'signifikan', 'pengaruh', 'langsung', 'pengaruh', 'langsung', 'signifikan', 'pengaruh', 'langsung', 'signifikan', 'kunci', 'cdm', 'analisis', 'jalur', 'pesan', 'iklan', 'pengenalan', 'merek', 'keyakinan', 'konsumen', 'sikap', 'konsumen', 'niat', 'beli', 'pembelian', 'nyata']",1
10,https://pta.trunojoyo.ac.id/welcome/detail/080211100119,PENGARUH KOMPETENSI DOSEN TERHADAP KINERJA DOSEN DI UNIVERSITAS TRUNOJOYO MADURA,Aththaariq,"Dr.RM Moch Wispandono,.S.E,.MS","Dr. Muhammad Alkirom Wildan,S.E.,M.Si.","['abstrak', 'aththaariq', 'pengaruh', 'kompetensi', 'dosen', 'kinerja', 'dosen', 'universitas', 'trunojoyo', 'madura', 'dibawah', 'bimbingan', 'drrm', 'moch', 'wispandonosems', 'dr', 'muhammad', 'alkirom', 'wildansemsi', 'penelitian', 'bertujuan', 'menganalisis', 'pengaruh', 'kompetensi', 'pedagogik', 'kompetensi', 'profesional', 'kompetensi', 'sosial', 'kompetensi', 'kepribadian', 'variabel', 'terikat', 'kinerja', 'dosen', 'universitas', 'trunojoyo', 'madura', 'data', 'penelitian', 'data', 'primer', 'data', 'diperoleh', 'hasil', 'penyebaran', 'kuesioner', 'responden', 'penelitian', 'dosen', 'universitas', 'trunojoyo', 'madura', 'tersertifikasi', 'aktif', 'dosen', 'teknik', 'pengambilan', 'sampel', 'judgmental', 'sampling', 'metode', 'analisis', 'regresi', 'linier', 'berganda', 'hasil', 'penelitian', 'berdasarkan', 'hasil', 'analisis', 'disimpulkan', 'kompetensi', 'pedagogik', 'kompetensi', 'profesional', 'kompetensi', 'sosial', 'kompetensi', 'kepribadian', 'berpengaruh', 'signifikan', 'variabel', 'terikat', 'kinerja', 'dosen', 'simultan', 'parsial', 'nilai', 'koefisiensi', 'determinasi', 'berganda', 'nilai', 'kinerja', 'dosen', 'dipengaruhi', 'perubahan', 'variabel', 'bebas', 'diteliti', 'sisanya', 'dipengaruhi', 'variabel', 'diteliti', 'variabel', 'memiliki', 'pengaruh', 'dominan', 'variabel', 'kompetensi', 'pedagogik', 'nilai', 'signifikansi', 'memiliki', 'nilai', 'beta', 'kunci', 'kompetensi', 'pedagogik', 'kompetensi', 'profesional', 'kompetensi', 'sosial', 'kompetensi', 'kepribadiandan', 'kinerja', 'dosen']",0
11,https://pta.trunojoyo.ac.id/welcome/detail/080211100103,"PENGARUH PERILAKU KONSUMEN TERHADAP KEPUTUSAN PEMBELIAN PRODUK HONDA MEREK VARIO
(Study Pada Dealer Surya Agung Motor Bangkalan)

",Haryono Arifin,"Dr. Ir Nurita Andriani, MM","Nirma Kurriwati, S.P., M.Si","['abstrak', 'haryono', 'arifin', 'pengaruh', 'perilaku', 'konsumen', 'keputusan', 'pembelian', 'produk', 'honda', 'merek', 'vario', 'studi', 'dealler', 'surya', 'agung', 'motor', 'bangkalan', 'tujuan', 'penelitian', 'pengaruh', 'perilaku', 'konsumen', 'keputusan', 'pembelian', 'honda', 'merek', 'vario', 'dealer', 'surya', 'agung', 'motor', 'bangkalan', 'variabel', 'manakah', 'perilaku', 'konsumen', 'kebudayaan', 'sosial', 'pribadi', 'psikologis', 'dominan', 'keputusan', 'pembelian', 'konsumen', 'honda', 'merek', 'vario', 'penelitian', 'pendekatan', 'kuantitatif', 'pengamatan', 'langsung', 'responden', 'penyebaran', 'kuesioner', 'dianalisa', 'penelitian', 'penelitian', 'populasi', 'responden', 'konsumen', 'pembelian', 'honda', 'merek', 'vario', 'dealer', 'surya', 'agung', 'motor', 'bangkalan', 'dijadikan', 'responden', 'dianalisis', 'spss', 'versi', 'kesimpulan', 'penelitian', 'pengujian', 'hipotesis', 'variabel', 'perilaku', 'konsumen', 'kebudayaan', 'sosial', 'pribadi', 'psikologis', 'berpengaruh', 'simultan', 'keputusan', 'pembelian', 'honda', 'merek', 'vario', 'pengujian', 'hipotesis', 'variabel', 'psikologis', 'variabel', 'berpengaruh', 'dominan', 'kunci', 'kebudayaan', 'sosial', 'pribadi', 'psikologis', 'keputusan', 'pembelian']",1
12,https://pta.trunojoyo.ac.id/welcome/detail/080211100098,PENGARUH TIPE KEPEMIMPINAN TERHADAP PRESTASI KERJA PEGAWAI PADA KANTOR KECAMATAN PANGARENGAN KABUPATEN SAMPANG ,Dharma Abidin Syah,"Drs. Ec. Mudji Kuswinarno M,Si","Faidal SE, MM","['abstrak', 'dharma', 'abidin', 'syahkesimpulan', 'pengaruh', 'signifikan', 'variabel', 'tipe', 'kepemimpinan', 'autoritarian', 'laissezfaire', 'demokratis', 'simultan', 'variabel', 'prestasi', 'kerja', 'pegawai', 'kantor', 'kecamatan', 'pangarengan', 'kabupaten', 'sampang', 'hasil', 'uji', 'anova', 'menunjukan', 'nilai', 'fhitung', 'ftabel', 'variabel', 'tipe', 'kepemimpinan', 'autoritarian', 'laissezfaire', 'demokratis', 'simultan', 'kontribusi', 'prestasi', 'kerja', 'pegawai', 'pengaruh', 'signifikan', 'variabel', 'kepemimpinan', 'tipe', 'autoritariansecara', 'parsial', 'prestasi', 'kerja', 'pegawaidikantor', 'kecamatan', 'pangarengan', 'kabupaten', 'sampang', 'hasil', 'uji', 'menunjukan', 'nilai', 'hitung', 'tabel', 'parsial', 'variabel', 'kepemimpinan', 'tipe', 'autoritarian', 'kontribusi', 'variabel', 'prestasi', 'kerja', 'pegawai', 'pengaruh', 'signifikan', 'variabel', 'kepemimpinan', 'tipe', 'laissezfairesecara', 'parsial', 'prestasi', 'kerja', 'pegawaidikantor', 'kecamatan', 'pangarengan', 'kabupaten', 'sampang', 'hasil', 'uji', 'menunjukan', 'nilai', 'hitung', 'tabel', 'parsial', 'variabel', 'kepemimpinan', 'tipe', 'laissezfaire', 'kontribusi', 'variabel', 'prestasi', 'kerja', 'pegawai', 'pengaruh', 'signifikan', 'variabel', 'kepemimpinan', 'tipe', 'demokratis', 'parsial', 'prestasi', 'kerja', 'pegawaidikantor', 'kecamatan', 'pangarengan', 'kabupaten', 'sampang', 'hasil', 'uji', 'menunjukan', 'nilai', 'hitung', 'tabel', 'parsial', 'variabel', 'kepemimpinan', 'tipe', 'demokratis', 'kontribusi', 'variabel', 'prestasi', 'kerja', 'pegawai', 'variabel', 'tipe', 'demokratis', 'nilai', 'koefisien', 'determinasi', 'variabel', 'bebas', 'lainya', 'variabel', 'dominan', 'berpengaruh', 'variabel', 'prestasi', 'kerja', 'pegawai', 'dikantor', 'kecamatan', 'pangarengan', 'kabupaten', 'sampang', 'kunci', 'tipe', 'kepemimpinan', 'prestasi', 'kerja', 'pegawai']",0
13,https://pta.trunojoyo.ac.id/welcome/detail/090211100079,"ANALISIS TINGKAT RISIKO KREDIT 
PADA PD. BPR BANK DAERAH LAMONGAN
",Iwan Kurniawan Gomes,"Drs. Ec. Makhmud Zulkifli, M.Si","Echsan Gani, S.E., M.SI","['hasil', 'penelitian', 'perhitungan', 'credit', 'risk', 'ratio', 'menunjukan', 'npl', 'pd', 'bpr', 'bank', 'daerah', 'lamongan', 'mengalami', 'penurunan', 'tingkat', 'resiko', 'kesimpulan', 'penelitian', 'tingkat', 'resiko', 'pd', 'bpr', 'bank', 'daerah', 'lamongan', 'mengalami', 'penurunan', 'tingkat', 'resiko', 'npl', 'dikatagorikan', 'berdasarkan', 'ketentuan', 'bank', 'indonesia', 'syarat', 'npl', 'maksimal', 'kunci', 'credit', 'risk', 'ratio', 'non', 'performing', 'loan']",0
14,https://pta.trunojoyo.ac.id/welcome/detail/090211100089,PENGARUH DIMENSI KUALITAS PELAYANAN TERHADAP KEPUASAN KONSUMEN PADA DEPOT BAROKAH PRAMBON KABUPATEN SIDOARJO,Toni Budianto,"Bambang Setiyo Pambudi, S.E., MM.","Fathor AS, S.E., MM.","['abstrak', 'tujuan', 'penelitian', 'mengidentifikasi', 'variabelvariabel', 'mempengaruhi', 'kepuasan', 'konsumen', 'simultan', 'parsial', 'metode', 'metode', 'kuantitatif', 'populasi', 'konsumen', 'depot', 'barokah', 'prambon', 'pelayanan', 'depot', 'barokah', 'prambon', 'sampel', 'responden', 'teknik', 'accidental', 'sampling', 'teknik', 'analisis', 'analisis', 'regresi', 'linier', 'berganda', 'hasil', 'penelitian', 'variabel', 'independen', 'variabel', 'bukti', 'fisik', 'kehandalan', 'jaminan', 'parsial', 'berpengaruh', 'signifikan', 'kepuasan', 'konsumen', 'variabel', 'independen', 'daya', 'tanggap', 'empati', 'berpengaruh', 'signifikan', 'variabel', 'dependen', 'kepuasan', 'konsumen', 'variabel', 'jaminan', 'pengaruh', 'kepuasan', 'konsumen', 'simultan', 'variabel', 'independen', 'kualitas', 'pelayanan', 'simultan', 'berpengaruh', 'signifikan', 'variabel', 'dependen', 'kepuasan', 'konsumen', 'kunci', 'kualitas', 'pelayanan', 'bukti', 'fisik', 'kehandalan', 'daya', 'tanggap', 'jaminan', 'empati', 'kepuasan', 'konsumen']",0
15,https://pta.trunojoyo.ac.id/welcome/detail/090211100013,"Analisis Inovasi Dan Keunggulan Bersaing 
Dalam Meningkatkan Kinerja Pemasaran
(Studi Pada Optik Reza Lamongan)",Sandy Ardiansyah,"Dr. Ir. Nurita Andriani, MM.","Suyono, S.E., M. S. M.","['abstrak', 'tujuan', 'penelitian', 'mendeskripsikan', 'inovasi', 'keunggulan', 'bersaing', 'kinerja', 'pemasaran', 'diterapkannya', 'inovasi', 'keunggulan', 'bersaing', 'optik', 'reza', 'lamongan', 'penelitian', 'deskriptif', 'kualitatif', 'pendekatan', 'fenomenologi', 'teknik', 'pengumpulan', 'data', 'wawancara', 'observasi', 'penggunaan', 'dokumen', 'teknik', 'analisis', 'data', 'data', 'reduction', 'data', 'display', 'conclusion', 'drawing', 'verification', 'hasil', 'penelitian', 'perusahaan', 'optik', 'reza', 'lamongan', 'inovasi', 'keunggulan', 'bersaing', 'meningkatkan', 'kinerja', 'pemasaran', 'optik', 'reza', 'lamongan', 'menerapkan', 'inovasi', 'keunggulan', 'bersaing', 'volume', 'omzet', 'penjualan', 'meningkat', 'terbukti', 'mengalami', 'peningkatan', 'produk', 'ditawarkannya', 'mengalami', 'perbaikan', 'pangsa', 'pasarnya', 'meluas', 'daerah', 'jawa', 'timur', 'jawa', 'kunci', 'inovasi', 'keunggulan', 'bersaing', 'kinerja', 'pemasaran']",0
16,https://pta.trunojoyo.ac.id/welcome/detail/090211100020,"PELAPORAN BIAYA KUALITAS UNTUK MEMINIMALKAN TERJADINYA RISIKO PRODUK CACAT DALAM MENINGKATKAN PROFITABILITAS PERUSAHAAN PADA CV. KAPUAS INTI SARANA, SURABAYA",M. Boy Singgih Gitayuda,"Drs. Ec. Makhmud Zulkifli, M.Si","Prasetyo Nugroho,. S.Pi., MM","['abstrak', 'penelitian', 'rumusan', 'pelaporan', 'biaya', 'kualitas', 'meminimalkan', 'risiko', 'produk', 'cacat', 'cv', 'kapuas', 'inti', 'sarana', 'pengaruh', 'pelaporan', 'biaya', 'kualitas', 'tingkat', 'profitabilitas', 'cv', 'kapuas', 'inti', 'sarana', 'penelitian', 'bertujuan', 'pengaruh', 'pelaporan', 'biaya', 'kualitas', 'risiko', 'produk', 'cacat', 'tingkat', 'profitabilitas', 'perusahaan', 'penelitian', 'metode', 'deskriptif', 'menggambarkan', 'fenomena', 'mendeskripsikan', 'variabel', 'berasal', 'data', 'hasil', 'penelitian', 'pelaporan', 'biaya', 'kualitas', 'periodik', 'terperinci', 'berpengaruh', 'peningkatan', 'profitabilitas', 'perusahaan', 'pelaporan', 'biaya', 'kualitas', 'terperinci', 'mengurangi', 'risiko', 'produk', 'cacat', 'produk', 'cacat', 'berkurang', 'berpengaruh', 'peningkatan', 'penjualan', 'langsung', 'berpengaruh', 'meningkatnya', 'profitabilitas', 'perusahaan', 'kunci', 'risiko', 'produk', 'cacat', 'biaya', 'kualitas', 'profitabilitas']",2
17,https://pta.trunojoyo.ac.id/welcome/detail/090211100064,Pengaruh Retailing Mix terhadap Keputusan Pembelian Konsumen pada Idola Mart Kwanyar,Fitriyah,"Dr. H. Pribanus Wantara, Drs., MM","Yustina Chrismardani, S.Si., MM","['tujuan', 'penelitian', 'pengaruh', 'variabel', 'retailing', 'mix', 'lokasi', 'merchandise', 'harga', 'atmosfer', 'gerai', 'pelayanan', 'promosi', 'keputusan', 'pembelian', 'konsumen', 'variabel', 'retailimg', 'mix', 'berpengaruh', 'keputusan', 'pembelian', 'konsumen', 'idola', 'mart', 'kwanyar', 'pendekatan', 'penelitian', 'penelitian', 'kuantitatif', 'penelitian', 'berlandaskan', 'filsafat', 'positivisme', 'bertujuan', 'menguji', 'hipotesis', 'ditetapkan', 'sampel', 'penelitian', 'konsumen', 'pembelian', 'idola', 'mart', 'kwanyar', 'konsumen', 'metode', 'pengambilan', 'sampel', 'purposive', 'sampling', 'pengujian', 'instrumen', 'uji', 'validitas', 'reliabilitas', 'uji', 'asumsi', 'klasik', 'teknik', 'analisis', 'data', 'menguji', 'hipotesis', 'regresi', 'linier', 'berganda', 'memakai', 'uji', 'uji', 'berdasarkan', 'hasil', 'penelitian', 'nilai', 'adjusted', 'square', 'besarnya', 'pengaruh', 'variabel', 'bebas', 'variabel', 'terikat', 'sisanya', 'dipengaruhi', 'variabel', 'diteliti', 'penelitian', 'berdasarkan', 'uji', 'variabel', 'retailing', 'mix', 'lokasi', 'merchandise', 'harga', 'atmosfer', 'gerai', 'pelayanan', 'promosi', 'simultan', 'berpengaruh', 'signifikan', 'keputusan', 'pembelian', 'idola', 'mart', 'kwanyar', 'berdasarkan', 'uji', 'parsial', 'variabel', 'lokasi', 'merchandise', 'harga', 'pelayanan', 'berpengaruh', 'signifikan', 'variabel', 'terikat', 'variabel', 'atmosfer', 'gerai', 'promosi', 'berpengaruh', 'variabel', 'terikat', 'variabel', 'berpengaruh', 'variabel', 'harga', 'kunci', 'retailing', 'mix', 'lokasi', 'merchandise', 'harga', 'atmosfer', 'gerai', 'pelayanan', 'promosi', 'keputusan', 'pembelian']",1
18,https://pta.trunojoyo.ac.id/welcome/detail/090211100055,PENGARUH PENGEMBANGAN KARIR TERHADAP SEMANGAT KERJA KARYAWAN PLN CABANG BANGKALAN,Danial Aziz M.YD,"Dr. Hj. Iriani Ismail, Dra.,MM","Drs. Ec. Mudji Kuswinarno, M.Si","['pln', 'badan', 'usaha', 'milik', 'negara', 'bergerak', 'bidang', 'penyediaan', 'listrik', 'nasional', 'pln', 'mengelola', 'bisnisnya', 'praktekpaktek', 'terbaik', 'mengoptimalisasikan', 'sumbr', 'daya', 'manusia', 'dimiliki', 'salah', 'proses', 'pengembangan', 'karir', 'tujuan', 'penelitian', 'pengaruh', 'signifikan', 'pengembangan', 'karir', 'semangat', 'kerja', 'karyawan', 'pln', 'cabang', 'bangkalan', 'parsial', 'simultan', 'penelitian', 'bersifat', 'penelitian', 'populasi', 'populasi', 'penelitian', 'respondenuji', 'kuesioner', 'uji', 'validitas', 'uji', 'reliabilitas', 'teknik', 'analisis', 'data', 'analisis', 'regresi', 'linier', 'berganda', 'uji', 'uji', 'koefisien', 'determinasi', 'hasil', 'penelitian', 'variabel', 'pengembangan', 'karir', 'prestasi', 'kerja', 'pengenalan', 'kesetiaan', 'orgnisasional', 'mentor', 'sponsor', 'kesempatan', 'tumbuh', 'memiliki', 'pengaruh', 'positif', 'semangat', 'kerja', 'karyawan', 'variabel', 'diatas', 'prestasi', 'kerja', 'variabel', 'memiliki', 'pengaruh', 'kuat', 'semangat', 'kerja', 'karyawan', 'pln', 'cabang', 'bangkalan', 'kunci', 'pengembangan', 'karir', 'semangat', 'kerjakaryawan', 'pln']",0
19,https://pta.trunojoyo.ac.id/welcome/detail/090211100018,"PENGARUH PERSEPSI MANFAAT, PERSEPSI KEMUDAHAN, KEAMANAN DAN KETERSEDIAAN FITUR TERHADAP MINAT ULANG NASABAH BANK DALAM MENGGUNAKAN INTERNET BANKING (Studi pada Program Layanan Internet Banking BRI)",Ahmad,"Bambang Setiyo Pambudi, S.E., MM.","Fathor AS, S.E., MM.","['tujuan', 'penelitian', 'mengidentifikasi', 'variabelvariabel', 'mempengaruhi', 'minat', 'ulang', 'nasabah', 'bri', 'layanan', 'internet', 'banking', 'bri', 'parsial', 'simultan', 'penelitian', 'metode', 'kuantitatif', 'dimana', 'populasi', 'penelitian', 'nasabah', 'bri', 'kota', 'bangkalan', 'layanan', 'internet', 'banking', 'bri', 'diperoleh', 'sampel', 'responden', 'diambil', 'teknik', 'purposive', 'sampling', 'teknik', 'analisis', 'regresi', 'linier', 'berganda', 'hasil', 'penelitian', 'simultan', 'pengaruh', 'signifikan', 'variabel', 'bebas', 'persepsi', 'manfaat', 'persepsi', 'kemudahan', 'keamanan', 'ketersediaan', 'fitur', 'minat', 'ulang', 'internet', 'banking', 'parsial', 'variabel', 'bebas', 'berpengaruh', 'positif', 'signifikan', 'minat', 'ulang', 'layanan', 'internet', 'banking', 'kecuali', 'variabel', 'persepsi', 'kemudahan', 'kecuali', 'variabel', 'persepsi', 'kemudahan', 'kunci', 'persepsi', 'manfaat', 'persepsi', 'kemudahan', 'keamanan', 'ketersediaan', 'fitur', 'minat', 'ulang', 'internet', 'banking']",0
20,https://pta.trunojoyo.ac.id/welcome/detail/080211100100,PENGARUH STRUKTUR MODAL DAN LIKUIDITAS TERHADAP PROFITABILITAS PADA PERUSAHAAN LQ 45 YANG TERDAFTAR DI BEI,AHMAD ZAINI ALI,"R. GATOT HERU PRANJOTO, SE., MM","PURNAMAWATI, SE., MSi","['pendekatan', 'penelitian', 'penelitian', 'pendekatan', 'kuantitatif', 'populasi', 'penelitian', 'perusahaan', 'liquid', 'terdaftar', 'bursa', 'efek', 'indonesia', 'teknik', 'penarikan', 'sampel', 'metode', 'purpossive', 'sampling', 'dianalisis', 'uji', 'regresi', 'linier', 'berganda', 'bantuan', 'alat', 'analisis', 'statistical', 'program', 'for', 'service', 'solution', 'spss', 'versi', 'hipotesis', 'penelitian', 'duga', 'pengaruh', 'parsial', 'simultan', 'variabel', 'rasio', 'likuiditas', 'current', 'ratio', 'struktur', 'modal', 'debt', 'to', 'equity', 'ratio', 'profitabilitas', 'roe', 'perusahaan', 'liquid', 'terdaftar', 'bursa', 'efek', 'indonesia', 'hasil', 'penelitian', 'variabel', 'current', 'ratio', 'parsial', 'memiliki', 'pengaruh', 'signifikan', 'profitabilitas', 'roe', 'variabel', 'debt', 'to', 'equity', 'ratio', 'parsial', 'memiliki', 'pengaruh', 'signifikan', 'profitabilitas', 'roe', 'berdasarkan', 'hasil', 'uji', 'simultan', 'uji', 'didapatkan', 'hasil', 'current', 'ratio', 'debt', 'to', 'equity', 'ratio', 'memiliki', 'pengaruh', 'signifikan', 'profitabilitas', 'perusahaanperusahaan', 'lq', 'kunci', 'likuiditas', 'current', 'ratio', 'struktur', 'modal', 'debt', 'to', 'equity', 'ratio', 'profitabilitas', 'roe']",0
21,https://pta.trunojoyo.ac.id/welcome/detail/090211100082,"Analisis Kinerja Keuangan Perusahaan yang terdaftar di BEI sebelum dan sesudah akuisisi
( studi pada perusahaan manufaktur yang melakukan akuisisi tahun 2008)
",DIANA AGUSTINI DEWI,"Drs.BAMBANG SUDARSONO.,MM","PURNAMAWATI,.SE,MSi","['diana', 'agustini', 'dewi', 'analisis', 'kinerja', 'keuangan', 'perusahaan', 'terdaftar', 'bei', 'akuisisi', 'studi', 'perusahaan', 'manufaktur', 'melakuukan', 'akuisisi', 'jurusan', 'ekonomi', 'manajemen', 'fakultas', 'ekonomi', 'universitas', 'trunojoyo', 'madura', 'penelitian', 'bertujuan', 'menganalisis', 'perbedaan', 'kinerja', 'keuangan', 'perusahaan', 'manufaktur', 'akuisisi', 'penelitian', 'perusahaan', 'manufaktur', 'terdaftar', 'bursa', 'efek', 'indonesia', 'populasi', 'penelitian', 'perusahaan', 'manufaktur', 'terdaftar', 'bursa', 'efek', 'indonesia', 'akuisisi', 'perusahaan', 'populasi', 'dipilih', 'sample', 'metode', 'purposive', 'sampling', 'didasarkan', 'kriteria', 'perusahaan', 'manufaktur', 'terdaftar', 'bei', 'tersedia', 'laporan', 'keuangan', 'aktivitas', 'akuisisimelakukan', 'akuisisi', 'perusahaan', 'pengakuisisi', 'pengambil', 'alih', 'assetperusahaan', 'mengakuisisi', 'langsung', 'anak', 'perusahaan', 'berdasarkan', 'kriteria', 'diperoleh', 'perusahaan', 'sampel', 'penelitian', 'sampel', 'akuisisi', 'akuisisi', 'variabel', 'penelitian', 'kinerja', 'keuangan', 'perusahaan', 'diukur', 'alat', 'analisis', 'current', 'ratio', 'total', 'asset', 'turnover', 'debt', 'ratio', 'return', 'on', 'investmen', 'earning', 'sharekelima', 'rasio', 'dianalisisi', 'metode', 'analisis', 'pairedsamples', 'test']",2
22,https://pta.trunojoyo.ac.id/welcome/detail/090211100077,PENGARUH RELATIONSHIP MARKETING TERHADAP LOYALITAS NASABAH ADIRA FINANCE DI WILAYAH SURABAYA BARAT,ARYA SUBAYU,"Dr.H.Pribanus Wantara.,Drs.,MM","Hadi Purnomo, SE, MM","['tujuan', 'penelitian', 'pengaruh', 'variabel', 'relationship', 'marketing', 'keuntungan', 'komitmen', 'komunikasi', 'kebenaran', 'loyalitas', 'nasabah', 'adira', 'finance', 'variabel', 'relationship', 'marketing', 'berpengaruh', 'loyalitas', 'nasabah', 'adira', 'finance', 'wilayah', 'surabaya', 'barat', 'berdasarkan', 'uji', 'variabel', 'relationship', 'marketing', 'keuntungan', 'komitmen', 'komunikasi', 'kebenaran', 'simultan', 'berpengaruh', 'signifikan', 'loyalitas', 'nasabah', 'adira', 'finance', 'wilayah', 'surabaya', 'barat', 'berdasarkan', 'uji', 'parsial', 'variabel', 'keuntungan', 'komitmen', 'kebenaran', 'berpengaruh', 'signifikan', 'variabel', 'terikat', 'variabel', 'komunikasi', 'berpengaruh', 'negatif', 'variabel', 'terikat', 'variabel', 'berpengaruh', 'variabel', 'komitmen', 'kunci', 'relationship', 'marketing', 'keuntungan', 'komitmen', 'komunikasi', 'kebenaran', 'loyalitas']",0
23,https://pta.trunojoyo.ac.id/welcome/detail/090211100043,"PENGARUH SELF EFFICACY TERHADAP PRESTASI AKADEMIK MAWAPRES
UNIVERSITAS TRUNOJOYO MADURA
",ISTIB SYAROH ,"Dr. Dra. Hj. Iriani Ismail, MM","Drs. Ec. Mudji Kuswinarno, M.Si","['tujuan', 'penelitian', 'pengaruh', 'variabel', 'self', 'efficacy', 'magnitude', 'generality', 'strength', 'prestasi', 'akademik', 'mahasiswa', 'berprestasi', 'universitas', 'trunojoyo', 'madura', 'dimana', 'mahasiswa', 'diambil', 'mahasiswa', 'mengikuti', 'mawapres', 'universitas', 'trunojoyo', 'madura', 'orang', 'teknik', 'analisis', 'analisis', 'regresi', 'linier', 'berganda', 'hipotesis', 'penelitian', 'self', 'efficacy', 'variabel', 'magnitude', 'generality', 'strength', 'berpengaruh', 'prestasi', 'akademik', 'berdasarkan', 'pengujian', 'hipotesis', 'diterima', 'temuan', 'penelitian', 'variabel', 'self', 'efficacy', 'teridiri', 'magnitude', 'generality', 'strength', 'berpengaruh', 'signifikan', 'prestasi', 'akademik', 'mawapres', 'universitas', 'trunojoyo', 'madura', 'diperoleh', 'nilai', 'variabel', 'magnitude', 'generality', 'strength', 'pengaruh', 'prestasi', 'akademik', 'sisanya', 'dipengaruhi', 'faktor', 'variabel', 'diteliti', 'kunci', 'self', 'efficacy', 'prestasi', 'akademik']",0
24,https://pta.trunojoyo.ac.id/welcome/detail/080211100034,Pengaruh Iklan di televisi terhadap keputusan konsumen untuk memakai kartu seluler XL di Kecamatan Geger (studi pada iklan versi: Paket Serbu (Versi Halte),Muhammad Sholeh,"Bambang Setiyo Pambudi, S.E,MM","Suyono, S.E.,M.S.M","['muhammad', 'sholeh', 'pengaruh', 'iklan', 'televisi', 'keputusan', 'konsumen', 'memakai', 'kartu', 'seluler', 'xl', 'kecamatan', 'geger', 'dibawah', 'bimbingan', 'bambang', 'setiyo', 'pambudi', 'mm', 'suyono', 'msm', 'penelitian', 'bertujuan', 'pengaruh', 'iklan', 'keputusan', 'konsumen', 'kartu', 'seluler', 'xl', 'masyarakat', 'kecamatan', 'geger', 'kabupaten', 'bangkalan', 'responden', 'penelitian', 'responden', 'data', 'terkumpul', 'analisis', 'regresi', 'linier', 'berganda', 'alat', 'bantu', 'software', 'spss', 'hasil', 'analisis', 'pengujian', 'hipotesis', 'diperoleh', 'pengaruh', 'iklan', 'isi', 'pesan', 'struktur', 'pesan', 'format', 'pesan', 'sumber', 'pesan', 'pengaruh', 'signifikan', 'keputusan', 'konsumen', 'kartu', 'seluler', 'xl', 'uji', 'parsial', 'variabel', 'isi', 'pesan', 'variabel', 'dominan', 'pengaruh', 'keputusan', 'konsumen', 'kartu', 'seluler', 'xl', 'kecamatan', 'geger', 'keywords', 'isi', 'pesan', 'struktur', 'pesan', 'format', 'pesan', 'sumber', 'pesan']",1
25,https://pta.trunojoyo.ac.id/welcome/detail/080211100104,Pengaruh Bauran Pemasaran Terhadap Keputusan Pembelian Produk XL di Kecamatan Bangkalan,Mahrus Saleh,"Dr.H Pribanus Wantara, Drs, MM","Hadi Purnomo, SE., MM","['objek', 'penelitian', 'pembelian', 'produk', 'xl', 'kecamatan', 'bangkalan', 'sampel', 'konsumen', 'teknik', 'analisis', 'data', 'meguji', 'hipotesis', 'regresi', 'linier', 'berganda', 'memakai', 'uji', 'uji', 'berdasar', 'hasil', 'penelitian', 'model', 'regresi', 'linier', 'berganda', 'sistematis', 'hasil', 'analisis', 'penelitian', 'simultan', 'uji', 'bauran', 'pemasaran', 'produk', 'harga', 'promosi', 'distribusi', 'bersamasama', 'pengaruh', 'signifikan', 'keputusan', 'pembelian', 'produk', 'xl', 'kecamatan', 'bangkalansecara', 'parsial', 'uji', 'variabel', 'promosi', 'distribusi', 'berpengaruh', 'signifikan', 'variabel', 'produk', 'harga', 'berpengaruh', 'signifikan', 'keputusan', 'pembelian', 'produk', 'xl', 'kecamatan', 'bangkalan', 'variabel', 'distribusi', 'berpengaruh', 'keputusan', 'pembelian', 'disimpulkan', 'meningkatkan', 'keputusan', 'pembelian', 'produk', 'xl', 'kecamatan', 'bangkalan', 'meningkatkan', 'strategi', 'bauran', 'pemasaran', 'segi', 'promosi', 'distribusi']",1
26,https://pta.trunojoyo.ac.id/welcome/detail/090211100050,"
PENGARUH LOKASI USAHA DAN KUALITAS PELAYANAN TERHADAP KEPUTUSAN PEMBELIAN DI RUMAH MAKAN
(Studi Pada Rumah Makan Depot Soto Asih Jaya Lamongan)
",Tri Suci Rahmawati,"Dr. Ir. Nurita Andriani, MM","Nirma Kurriwati, SP.M.Si                    ","['intention', 'of', 'this', 'research', 'is', 'to', 'know', 'influence', 'of', 'location', 'ofis', 'effort', 'and', 'service', 'quality', 'xterhadap', 'decision', 'of', 'purchasing', 'and', 'also', 'to', 'know', 'variable', 'whichsuch', 'having', 'bigger', 'ppengaruh', 'at', 'decision', 'of', 'purchasing', 'at', 'home', 'eat', 'depot', 'of', 'soto', 'glorious', 'asih', 'of', 'lamongan', 'this', 'research', 'use', 'quantitative', 'method', 'with', 'approach', 'of', 'survey', 'this', 'research', 'population', 'is', 'entireall', 'consumer', 'doingconducting', 'purchasing', 'at', 'home', 'eat', 'depot', 'of', 'soto', 'glorious', 'asih', 'of', 'lamongan', 'method', 'the', 'used', 'is', 'method', 'of', 'accidental', 'sampling', 'hence', 'this', 'research', 'get', 'responder', 'method', 'data', 'collecting', 'research', 'into', 'library', 'result', 'of', 'this', 'research', 'mention', 'location', 'of', 'is', 'effort', 'and', 'service', 'quality', 'influence', 'variable', 'tied', 'that', 'is', 'decision', 'of', 'purchasing', 'while', 'result', 'of', 'from', 'test', 'of', 'parsial', 'prove', 'that', 'free', 'variable', 'consisting', 'of', 'location', 'ofis', 'effort', 'and', 'service', 'quality', 'by', 'simultan', 'or', 'together', 'influence', 'variable', 'decision', 'of', 'purchasing', 'of', 'this', 'parsial', 'research', 'can', 'be', 'concluded', 'that', 'from', 'both', 'free', 'variable', 'location', 'of', 'is', 'effort', 'which', 'have', 'bigger', 'influence', 'to', 'decision', 'of', 'purchasing', 'is', 'the', 'quality', 'of', 'service', 'keywords', 'business', 'location', 'quality', 'of', 'service', 'purchase', 'decision']",0
27,https://pta.trunojoyo.ac.id/welcome/detail/090211100091,PENGGUNAAN ANALISIS ALTMAN Z-SCORE UNTUK MENILAI TINGKAT KEBANGKRUTAN PADA PERUSAHAAN MAKANAN DAN MINUMAN YANG TERDAFTAR DI BURSA EFEK INDONESIA,Ahmad Khoirul Umam,R. Gatot Heru Pranjoto ,Prasetyo Nugroho ,"['tujuan', 'penelitian', 'tingkat', 'kebangkrutan', 'perusahaan', 'makanan', 'minuman', 'terdaftar', 'bursa', 'efek', 'indonesia', 'penelitian', 'perusahaan', 'kondisi', 'bangkrut', 'analisis', 'altman', 'memperoleh', 'peringatan', 'tandatanda', 'kebangkrutan', 'metode', 'penelitian', 'penelitian', 'metode', 'diskriptif', 'peneliti', 'mengambil', 'perusahaan', 'makanan', 'minuman', 'terdaftar', 'bursa', 'efek', 'indonesia', 'periode', 'perusahaan', 'dijadikan', 'populasi', 'penelitian', 'penelitian', 'teknik', 'purposive', 'sampling', 'menghasilkan', 'perusahaan', 'sampel', 'penelitian', 'hasil', 'penelitian', 'analisis', 'altman', 'zscore', 'perusahaan', 'makanan', 'minuman', 'terdaftar', 'bursa', 'efek', 'indonesia', 'perusahaan', 'bangkrut', 'perusahaan', 'kritis', 'perusahaan', 'sehat', 'perusahaan', 'bangkrut', 'perusahaan', 'kritis', 'perusahaan', 'sehat', 'perusahaan', 'bangkrut', 'perusahaan', 'kritis', 'perusahaan', 'sehat', 'perusahaan', 'bangkrut', 'perusahaan', 'kritis', 'perusahaan', 'sehat', 'perusahaan', 'perusahaan', 'kritis', 'perusahaan', 'sehat', 'kunci', 'kebangkrutan', 'analisis', 'altman', 'zscore']",2
28,https://pta.trunojoyo.ac.id/welcome/detail/070211100007,ANALISIS PERBEDAAN PERGERAKAN HARGA SAHAM DAN VOLUME PERDAGANGAN SAHAM SEBELUM DAN SESUDAH KEBIJAKAN PEMECAHAN SAHAM (STOCK SPLIT) DI BURSA EFEK INDONESIA TAHUN 2007-2011,AGUS NURLAILI,Bambang Sudarsono ,Prasetyo Nugroho,"['kenaikan', 'harga', 'menyebabkan', 'permintaan', 'pembelian', 'saham', 'mengalami', 'penurunan', 'menyebabkan', 'harga', 'saham', 'fluktuatif', 'menghindari', 'kondisi', 'perusahaan', 'menurunkan', 'harga', 'saham', 'kisaran', 'harga', 'menarik', 'minat', 'investor', 'membeli', 'pemecahan', 'saham', 'stock', 'split', 'dasarnya', 'penelitian', 'stock', 'split', 'permasalahan', 'penelitian', 'hasil', 'penelitian', 'berbedabeda', 'penelitian', 'penelitian', 'perusahaan', 'terdaftar', 'bei', 'pemecahan', 'saham', 'penelitian', 'analisis', 'uji', 'paired', 'sample', 'test', 'periode', 'pengamatan', 'stock', 'split', 'stock', 'split', 'metode', 'penetuan', 'sampel', 'purposive', 'sampling', 'berdasarkan', 'hasil', 'penelitian', 'hipotesis', 'perbedaan', 'ratarata', 'return', 'saham', 'pemecahan', 'saham', 'hipotesis', 'perbedaan', 'tva', 'pemecahan', 'saham', 'harga', 'saham', 'volume', 'perdagangan', 'saham', 'meningkat', 'kunci', 'stock', 'split', 'pergerakan', 'harga', 'saham', 'volume', 'perdagangan', 'saham', 'tva']",2
29,https://pta.trunojoyo.ac.id/welcome/detail/090211100074,PENGARUH BUNDLINGSTRATEGY TERHADAP KEPUTUSAN PEMBELIAN PADA RESTORAN QUICK CHICKEN CAB. RAYA DUKUH KUPANG  SURABAYA,Kristin Ningrum,Pribanus Wantara,Yustina Chrismardani ,"['pengaruh', 'bundling', 'strategy', 'keputusan', 'pembelian', 'restoran', 'quick', 'chicken', 'cabang', 'raya', 'dukuh', 'kupang', 'surabayadibimbing', 'pribanus', 'wantara', 'yustina', 'chrismardani', 'tujuan', 'penelitian', 'pengaruh', 'bundling', 'strategy', 'focus', 'bundling', 'form', 'bundling', 'keputusan', 'pembelian', 'variabel', 'manakah', 'pengaruh', 'bundling', 'strategy', 'produk', 'makanan', 'cepat', 'saji', 'restoran', 'quick', 'chicken', 'cabang', 'raya', 'dukuh', 'kupang', 'surabaya', 'populasi', 'penelitian', 'konsumen', 'membeli', 'makanan', 'cepat', 'saji', 'bentuk', 'bundling', 'paketan', 'restoran', 'quick', 'chicken', 'cabang', 'raya', 'dukuh', 'kupang', 'surabayametode', 'penelitian', 'metode', 'accidental', 'sampling', 'responden', 'responden', 'penelitian', 'desember', 'metode', 'pengumpulan', 'data', 'penelitian', 'lapang', 'mebagikan', 'kuesioner', 'riset', 'perpustakaan', 'teknik', 'pengolahan', 'data', 'mengunakan', 'bantuan', 'perangkat', 'lunak', 'spss', 'versi', 'for', 'windows', 'skala', 'likert', 'hasil', 'penelitian', 'hasil', 'uji', 'simultan', 'menunjukan', 'variabel', 'bebas', 'focus', 'bundling', 'form', 'bundling', 'mempengaruhi', 'variabel', 'terikat', 'keputusan', 'pembelian', 'produk', 'makanan', 'cepat', 'saji', 'bentuk', 'paketan', 'restoran', 'quick', 'chicken', 'cabang', 'raya', 'dukuh', 'kupang', 'surabaya', 'hasil', 'uji', 'parsial', 'membuktikan', 'variabel', 'bebas', 'focus', 'bundling', 'form', 'bundling', 'berpengaruh', 'signifikan', 'keputusan', 'pembelian', 'produk', 'makanan', 'cepat', 'saji', 'bentuk', 'paketan', 'restoran', 'quick', 'chicken', 'cabang', 'raya', 'dukuh', 'kupang', 'surabaya', 'disimpulkan', 'variabel', 'bebas', 'pengaruh', 'keputusan', 'pembelian', 'produk', 'makanan', 'cepat', 'saji', 'bentuk', 'paketan', 'restoran', 'quick', 'chicken', 'cabang', 'raya', 'dukuh', 'kupang', 'surabaya', 'focus', 'bundling', 'kunci', 'bundling', 'strategy', 'keputusan', 'pembelian']",0
30,https://pta.trunojoyo.ac.id/welcome/detail/080211100008,Pengaruh Kompensasi Terhadap Kinerja Karywan pada PT. Pos Indonesia (Persero) Kantor Cabang Bnagkalan ,agustin pratiwi,Drs.Ec. Mudji Kuswinarno.M.Si. ,"Faidal. S.E, MM.","['abstrak', 'tujuan', 'penelitian', 'variabel', 'kompensasi', 'finansial', 'langsung', 'kompensasi', 'finansial', 'langsung', 'kompensasi', 'nonfinansial', 'simultan', 'memiliki', 'pengaruh', 'signifikan', 'kinerja', 'karyawan', 'variabel', 'manakah', 'kompensasi', 'finansial', 'langsung', 'kompensasi', 'finansial', 'langsung', 'kompensasi', 'nonfinansial', 'berpengaruh', 'dominan', 'kinerja', 'karyawan', 'membuktikan', 'hipotesis', 'penelitian', 'alat', 'analisis', 'regresi', 'linier', 'berganda', 'bantuan', 'spss', 'hasil', 'pengujian', 'nilai', 'fhitung', 'nilai', 'signifikan', 'fhitung', 'pengaruh', 'signifikan', 'variabel', 'kompensasi', 'finansial', 'langsung', 'kompensasi', 'finansial', 'langsung', 'kompensasi', 'nonfinansial', 'simultan', 'kinerja', 'karyawan', 'pt', 'pos', 'indonesia', 'persero', 'kantor', 'cabang', 'bangkalan', 'kunci', 'kompensasi', 'kinerja', 'karyawan']",0
31,https://pta.trunojoyo.ac.id/welcome/detail/080211100002,"Pengembangan Sumber Daya Manusia Dalam Rangka Meningkatkan Produktivitas Karyawan Pada
PT. Pos Indonesia (persero) Kantor Cabang Bangkalan
",Ismie Novitasari Soekarno,"Dra. Hj. S. Anugrahini Irawati, MM","Faidal. S.E, MM","['abstrak', 'penelitian', 'bertujuan', 'meneliti', 'pendidikan', 'pelatihan', 'berpengaruh', 'parsial', 'simultan', 'rangka', 'meningkatkan', 'produktivitas', 'karyawan', 'meniliti', 'variabel', 'pendidikan', 'berpengaruh', 'dominan', 'meningkatkan', 'produktivitas', 'karyawan', 'membuktikan', 'hipotesis', 'penelitian', 'alat', 'analisis', 'regresi', 'linier', 'berganda', 'bantuan', 'spss', 'hasil', 'pengujian', 'nilai', 'fhitung', 'nilai', 'signifikan', 'fhitung', 'pengaruh', 'signifikan', 'variabel', 'pendidikan', 'pelatihan', 'bersamasama', 'meningkatkan', 'produktivitas', 'karyawan', 'pt', 'pos', 'indonesia', 'persero', 'kantor', 'cabang', 'bangkalan', 'koefisien', 'determinasi', 'berganda', 'square', 'bersamasama', 'perubahan', 'variabel', 'produktivitas', 'karyawan', 'pt', 'pos', 'indonesia', 'persero', 'cabang', 'bangkalan', 'disebabkan', 'variabel', 'pendidikan', 'pelatihan', 'sisanya', 'disebabkan', 'variabel', 'masuk', 'model', 'hasil', 'penelitian', 'variabel', 'pendidikan', 'terbukti', 'kebenarannya', 'berpengaruh', 'dominan', 'nilai', 'beta']",0
32,https://pta.trunojoyo.ac.id/welcome/detail/080211100062,PENGARUH ETOS KERJA TERHADAP RESTASI KERJA KARYAWAN PT. PLN (Persero) DISTRIBUSI JAWA TIMUR AREA MOJOKERTO.,Uswatun khasanah,"Dr. Dra. Hj. Iriani Ismail, MM","Helmi Buyung A. S.ST, SE, M.MT","['abtrak', 'uswatun', 'khasanah', 'pengaruh', 'etos', 'kerja', 'presatasi', 'kerja', 'karyawan', 'ptpln', 'persero', 'diatribusi', 'jawa', 'timur', 'area', 'mojokerto', 'pengumpulan', 'data', 'penelitian', 'mengunakan', 'survey', 'kuesioner', 'kuesioner', 'dibagikan', 'karyawan', 'pt', 'pln', 'persero', 'distribusi', 'jawa', 'timur', 'area', 'mojokerto', 'karyawan', 'teknik', 'analisis', 'data', 'meguji', 'hipotesis', 'regresi', 'linier', 'berganda', 'memakai', 'uji', 'uji', 'hasil', 'analisis', 'penelitian', 'simultan', 'uji', 'etos', 'kerja', 'semanagt', 'kerja', 'disiplin', 'kerja', 'kerja', 'bersamasama', 'pengaruh', 'signifikan', 'prestasi', 'kerja', 'karyawan', 'pt', 'pln', 'persero', 'distribusi', 'jawa', 'timur', 'area', 'mojokerto', 'parsial', 'uji', 'variabel', 'kerja', 'semangat', 'kerja', 'berpengaruh', 'signifikan', 'variabel', 'disiplin', 'kerja', 'berpengaruh', 'signifikan', 'prestasi', 'kerja', 'karyawan', 'pt', 'pln', 'persero', 'distribusi', 'jawa', 'timur', 'area', 'mojokerto', 'variabel', 'etos', 'kerja', 'variabel', 'dominan', 'mempengaruhi', 'prestasi', 'kerja', 'karyawan', 'disimpulkan', 'meningkatkan', 'prestasi', 'kerja', 'karyawan', 'pt', 'pln', 'persero', 'distribusi', 'jawa', 'timur', 'area', 'mojokerto', 'meningkatkan', 'etos', 'kerja', 'kerja', 'semangat', 'kerja', 'kunci', 'etos', 'kerja', 'prestasi', 'kerja']",0
33,https://pta.trunojoyo.ac.id/welcome/detail/090211100009,"Pengaruh Budaya Terhadap Perilaku Pengemis Anak 
Di Kecamatan Kamal-Kab. Bangkalan",Indah Permata Sari,"Dr. Hj. Iriani Ismail., Dra.,M.M","Faidal,SE., MM","['munculnya', 'asumsi', 'lahirnya', 'budaya', 'mengemis', 'disebabkan', 'budaya', 'berpengaruh', 'anak', 'memilih', 'profesi', 'pengemis', 'budaya', 'lingkungan', 'keluarga', 'budaya', 'mempengaruhi', 'sikap', 'periaku', 'disebabkan', 'kebiasaan', 'kehidupan', 'seharihari', 'berdasarkan', 'hasil', 'penelitian', 'pengaruh', 'budaya', 'perilaku', 'pengemis', 'anak', 'kamal', 'kab', 'bangkalan', 'memprihatinkan', 'variabel', 'variabel', 'budaya', 'indikator', 'mengukur', 'budaya', 'etnografis', 'persepsi', 'pengemis', 'sosialisasi', 'peran', 'keluarga', 'lingkungan', 'menyebabkan', 'berprofesi', 'pengemis', 'modus', 'operandi', 'bentuk', 'pengemis', 'praktek', 'mengemis', 'jaringan', 'pengemis', 'desa', 'variable', 'perilaku', 'indicator', 'behavioral', 'sociology', 'menerangkan', 'tingkah', 'laku', 'akibatnya', 'teory', 'exchange', 'of', 'social', 'menerangkan', 'kekecewaan', 'kehidupan', 'manusia', 'bersumber', 'perilaku', 'berdasarkan', 'hasil', 'penelitian', 'perilaku', 'anak', 'menyebabkan', 'kekecewaan', 'adnya', 'faktor', 'dorongan', 'budaya', 'keluarga', 'lingkungan', 'kunci', 'perilaku', 'sosial', 'budaya']",0
34,https://pta.trunojoyo.ac.id/welcome/detail/090211100109,PENGARUH FAKTOR-FAKTOR STRES KERJA TERHADAP DISIPLIN KERJA DOSEN UNIVERSITAS TRUNOJOYO MADURA,Saiful Rahman,"Dr. Muhammad Alkirom Wildan,S.E.,M.Si","Helmi Buyung Aulia,S.ST.,S.E.,M.MT","['abstrak', 'penelitian', 'bertujuan', 'pengaruh', 'faktorfaktor', 'stres', 'kerja', 'terhdap', 'disiplin', 'kerja', 'dosen', 'universitas', 'trunojoyo', 'madura', 'responden', 'penelitian', 'orang', 'dosen', 'data', 'terkumpul', 'analisis', 'regresi', 'linier', 'berganda', 'alat', 'bantu', 'software', 'spss', 'hasil', 'analisis', 'pengujian', 'hipotesis', 'diperoleh', 'pengaruh', 'faktorfaktor', 'stres', 'kerja', 'stressor', 'lingkungan', 'fisik', 'stressor', 'individu', 'stressor', 'kelompok', 'stressor', 'organisasi', 'pengaruh', 'disiplin', 'kerja', 'dosen', 'variabel', 'stressor', 'lingkungan', 'fisik', 'variabel', 'dominan', 'mempengaruhi', 'disiplin', 'kerja', 'dosen', 'universitas', 'trunojoyo', 'madura', 'katakunci', 'stressor', 'lingkungan', 'fisik', 'stressor', 'individu', 'stressor', 'kelompok', 'stressor', 'organisasi', 'disiplin', 'kerja']",0
35,https://pta.trunojoyo.ac.id/welcome/detail/070211100045,ANALISIS PORTOFOLIO YANG OPTIMAL DI BEI DENGAN MENGGUNAKAN SINGLE-INDEX MODEL,Mira Dwiastuti,"Hj Evaliati Amaniyah, S.E, M.S.M","Echsan Gani, S.E, M.Si","['keputusan', 'investasi', 'berhubungan', 'keuntungan', 'risiko', 'investor', 'rasional', 'menginvestasikan', 'dananya', 'saham', 'efisien', 'saham', 'return', 'risiko', 'minimal', 'sampel', 'penelitian', 'saham', 'aktif', 'berdasarkan', 'frekuensi', 'perdagangan', 'membagi', 'dividen', 'berturutturut', 'tujuan', 'penelitian', 'membentuk', 'portofolio', 'optimal', 'perbedaan', 'return', 'risiko', 'saham', 'kandidat', 'non', 'kandidat', 'portofolio', 'hasil', 'penelitian', 'saham', 'kandidat', 'portofolio', 'saham', 'diteliti', 'nilai', 'cutoffpoint', 'portofolio', 'optimal', 'dibentuk', 'saham', 'excess', 'returns', 'to', 'beta', 'erb', 'ci', 'diperoleh', 'saham', 'masuk', 'perhitungan', 'portofolio', 'optimal', 'komposisi', 'proporsi', 'dana', 'masingmasing', 'saham', 'pt', 'adaro', 'energy', 'tbk', 'pt', 'gudang', 'garam', 'tbk', 'pt', 'hm', 'sampoerna', 'tbk', 'pt', 'astra', 'otopart', 'tbk', 'pt', 'multi', 'bintang', 'indonesia', 'tbk', 'pt', 'astra', 'agro', 'lestari', 'tbk', 'pt', 'goodyear', 'indonesia', 'tbk', 'pt', 'indika', 'energy', 'tbk', 'pt', 'united', 'tractors', 'tbk', 'pt', 'pabrik', 'kertas', 'tjiwi', 'kimia', 'tbk', 'pt', 'indofood', 'sukses', 'makmur', 'tbk', 'pt', 'astra', 'international', 'tbk', 'pt', 'bank', 'negara', 'indonesia', 'tbk', 'return', 'portofolio', 'risiko', 'portofolio', 'excess', 'return', 'to', 'beta', 'portofolio', 'berdasarkan', 'hasil', 'diatas', 'disimpulkan', 'metode', 'indeks', 'tunggal', 'portofolio', 'benarbenar', 'optimal', 'diperoleh', 'perhitungan', 'aktiva', 'bebas', 'risiko', 'kunci', 'model', 'indeks', 'tunggal', 'portofolio', 'optimal', 'expected', 'return', 'excess', 'return', 'to', 'beta', 'cutoffpoint']",2
36,https://pta.trunojoyo.ac.id/welcome/detail/090211100049,Pengaruh Rekrutmen Dan Pengembangan Karir Terhadap Kinerja Karyawan Pada Kantor Pusat PT. Gresik Cipta Sejahtera Kabupaten Gresik,Zainal Abidin,"Dr. Iriani Ismail,Dra.,MM","Helmi Buyung Aulia,SE.,ST.,M.MT","['penelitian', 'bertujuan', 'pengaruh', 'rekrutmen', 'pengembangan', 'karir', 'terhdap', 'kinerja', 'karyawan', 'kantor', 'pusat', 'pt', 'gresik', 'cipta', 'sejahtera', 'kabupaten', 'gresik', 'responden', 'penelitian', 'orang', 'karyawan', 'data', 'terkumpul', 'analisis', 'regresi', 'linier', 'berganda', 'alat', 'bantu', 'software', 'spss', 'hasil', 'analisis', 'pengujian', 'hipotesis', 'diperoleh', 'variabel', 'rekrutmen', 'variabel', 'pengembangan', 'karir', 'pengaruh', 'simultan', 'kinerja', 'karyawan', 'variabel', 'rekrutmen', 'variabel', 'dominan', 'mempengaruhi', 'kinerja', 'karyawan', 'kantor', 'pusat', 'pt', 'gresik', 'cipta', 'sejahtera', 'kabupaten', 'gresik', 'katakunci', 'rekrutmenpengembangan', 'karir', 'kinerja']",0
37,https://pta.trunojoyo.ac.id/welcome/detail/090211100001,"PENGARUH IKLAN ONLINE MELALUI MEDIA FACEBOOK TERHADAP KEPUTUSAN PEMBELIAN PAKAIAN 
(STUDI PADA MAHASISWA FAKULTAS EKONOMI DAN BISNIS UNIVERSITAS TRUNOJOYO MADURA)",Hening Ari Putra,Bambang Setyo Pambudi,Suyono,"['abstrak', 'hening', 'ary', 'putra', 'pengaruh', 'iklan', 'online', 'media', 'facebook', 'keputusan', 'pembelian', 'pakaian', 'studi', 'mahasiswa', 'fakultas', 'ekonomi', 'bisnis', 'universitas', 'trunojoyo', 'madura', 'pemimbing', 'bambang', 'setiyo', 'pambudi', 'mm', 'suyono', 'msm', 'tujuan', 'penelitian', 'mengidentifikasi', 'variabel', 'sikap', 'iklan', 'online', 'daya', 'iklan', 'online', 'frekuensi', 'klik', 'iklan', 'online', 'mempengaruhi', 'keputusan', 'pembelian', 'pakaian', 'mahasiswa', 'fakultas', 'ekonomi', 'bisnis', 'universitas', 'trunojoyo', 'madura', 'simultan', 'parsial', 'hipotesis', 'penelitian', 'faktorfaktor', 'mempengaruhi', 'keputusan', 'pembelian', 'pakaian', 'sikap', 'iklan', 'online', 'daya', 'iklan', 'online', 'frekuensi', 'klik', 'iklan', 'online', 'berpengaruh', 'signifikan', 'keputusan', 'pembelian', 'pakaian', 'simultan', 'parsial', 'penelitian', 'metode', 'kuantitatif', 'dimana', 'populasi', 'penelitian', 'mahasiswa', 'fakultas', 'ekonomi', 'bisnis', 'universitas', 'trunojoyo', 'madura', 'diperoleh', 'sampel', 'responden', 'diambil', 'metode', 'accidental', 'sampling', 'menyebarkan', 'kuesioner', 'kesimpulan', 'penelitian', 'simultan', 'pengaruh', 'signifikan', 'variabel', 'bebas', 'sikap', 'iklan', 'online', 'daya', 'iklan', 'online', 'frekuensi', 'klik', 'iklan', 'online', 'keputusan', 'pembelian', 'pakaian', 'parsial', 'vairabel', 'sikap', 'iklan', 'online', 'daya', 'iklan', 'online', 'berpengaruh', 'positif', 'signifikan', 'keputusan', 'pembelian', 'pakaian', 'kecuali', 'variabel', 'frekuensi', 'klik', 'iklan', 'online', 'berpengaruh', 'positif', 'signifikan', 'keputusan', 'pembelian', 'pakaian', 'parsial', 'variabel', 'daya', 'pengaruh', 'keputusan', 'pembelian', 'pakaian', 'kunci', 'sikap', 'daya', 'frekuensi', 'klik', 'keputusan', 'pembelian', 'pakaian']",1
38,https://pta.trunojoyo.ac.id/welcome/detail/090211100075,Pengaruh Ekuitas Merek Terhadap Keputusan Pembelian Notebook Acer,Habibah,"Bambang Setiyo P., S.E,. MM.","Suyono S.E, M.S.M","['habibah', 'pengaruh', 'ekuitas', 'merek', 'keputusan', 'pembelian', 'notebook', 'acer', 'dibawah', 'bimbingan', 'bambang', 'setiyo', 'pambudi', 'mm', 'suyono', 'msm', 'notebook', 'merek', 'acer', 'notebook', 'ekuitas', 'merek', 'dibuktikan', 'penguasaan', 'acer', 'hamper', 'pasar', 'notebook', 'indonesia', 'dasar', 'kenyataan', 'pasar', 'penelitian', 'tujuan', 'ekuitas', 'merek', 'persepsi', 'konsumen', 'lokasi', 'penelitiannya', 'dilaksanakan', 'fakultas', 'ekonomi', 'universitas', 'trunojoyo', 'madura', 'penelitan', 'penelitan', 'kuantitatif', 'pendekatan', 'survey', 'sampel', 'konsumen', 'penelitian', 'variabel', 'bebasnya', 'kesadaran', 'merek', 'asosiasi', 'merek', 'persepsi', 'kualitas', 'loyalitas', 'merek', 'persepsi', 'nilai', 'variabel', 'terikatnya', 'keputusan', 'pembelian', 'konsumen', 'metode', 'penelitian', 'sampel', 'purposive', 'sampling', 'pengujian', 'instrument', 'uji', 'validitas', 'realibilitas', 'uji', 'asumsi', 'klasik', 'metode', 'analisis', 'data', 'menguji', 'hipotesis', 'regresi', 'linier', 'berganda', 'memakai', 'uji', 'uji', 'hasil', 'penelitan', 'variabel', 'nilai', 'adjusted', 'square', 'besarnya', 'pengaruh', 'variabel', 'bebas', 'variabel', 'terikat', 'sisanya', 'dipengaruhi', 'variabel', 'diteliti', 'penelitian', 'berdasarkan', 'uji', 'variabel', 'ekuitas', 'merek', 'kesadaran', 'merek', 'asosiasi', 'merek', 'persepsi', 'kualitas', 'loyalitas', 'merek', 'persepsi', 'nilai', 'simultan', 'berpengaruh', 'signifikan', 'keputusan', 'pembelian', 'mahasiswa', 'fakultas', 'ekonomi', 'universitas', 'trunojoyo', 'madura', 'berdasarkan', 'uji', 'parsial', 'kesadaran', 'merek', 'asosiasi', 'merek', 'persepsi', 'kualitas', 'loyalitas', 'merek', 'persepsi', 'nilai', 'berpengaruh', 'signifikan', 'variabel', 'terikat', 'variabel', 'persepsi', 'nilai', 'berpengaruh', 'variabel', 'terikat', 'variabel', 'berpengaruh', 'dominan', 'persepsi', 'kualitas', 'kunci', 'ekuitas', 'merek', 'keputusan', 'pembelian']",1
39,https://pta.trunojoyo.ac.id/welcome/detail/090211100048,Pengaruh Atribut Produk Terhadap Keputusan Pembelian Sepeda Motor HONDA Supra X 125 (Studi Pada Dealer Surya Agung Motor Bangkalan),Nurus Sholehah,"Bambang Setiyo P., S.E,. MM.","Suyono S.E, M.S.M","['atribut', 'produk', 'pandangan', 'gambaran', 'produk', 'dealer', 'surya', 'agung', 'motor', 'bangkalan', 'salah', 'dealer', 'resmi', 'honda', 'bergerak', 'penjualan', 'sepeda', 'motor', 'memperhatikan', 'perilaku', 'konsumen', 'mengambil', 'keputusan', 'pembelian', 'atribut', 'produk', 'teori', 'kotler', 'armstrong', 'kualitas', 'produk', 'fitur', 'produk', 'gaya', 'desain', 'produk', 'tujuan', 'penelitian', 'mengidentifikasi', 'variabelvariabel', 'mempengaruhi', 'atribut', 'produk', 'memutuskan', 'membeli', 'sepeda', 'motor', 'honda', 'supra', 'parsial', 'simultan', 'penelitian', 'metode', 'kuantitatif', 'dimana', 'populasi', 'penelitian', 'konsumen', 'sepeda', 'motor', 'honda', 'supra', 'dealer', 'surya', 'agung', 'motor', 'bangkalan', 'diperoleh', 'sampel', 'responden', 'diambil', 'metode', 'purposive', 'sampling', 'menyebarkan', 'kuesioner', 'hipotesis', 'penelitian', 'variabelvariabel', 'atribut', 'produk', 'mempengaruhi', 'keputusan', 'pembelian', 'kualitas', 'produk', 'fitur', 'produk', 'gaya', 'desain', 'produk', 'berpengaruh', 'signifikan', 'keputusan', 'pembelian', 'sepeda', 'motor', 'honda', 'supra', 'simultan', 'parsial', 'hasil', 'penelitian', 'uji', 'variabel', 'bebas', 'atribut', 'produk', 'kualitas', 'produk', 'fitur', 'produk', 'gaya', 'desain', 'produk', 'berpengaruh', 'simultan', 'keputusan', 'pembelian', 'sepeda', 'motor', 'honda', 'supra', 'studi', 'dealer', 'surya', 'agung', 'motor', 'bangkalan', 'uji', 'parsial', 'variabel', 'kualitas', 'produk', 'fitur', 'produk', 'gaya', 'desain', 'produk', 'keputusan', 'pembelian', 'sepeda', 'motor', 'honda', 'supra', 'studi', 'dealer', 'surya', 'agung', 'motor', 'bangkalan', 'parsial', 'variabel', 'kualitas', 'produk', 'mempunyah', 'pengaruh', 'dominan', 'keputusan', 'pembelian', 'sepeda', 'motor', 'honda', 'supra', 'studi', 'dealer', 'surya', 'agung', 'motor', 'bangkalan', 'kunci', 'atribut', 'produk', 'keputusan', 'pembelian']",1
40,https://pta.trunojoyo.ac.id/welcome/detail/090211100065,PENGARUH PERSEPSI NILAI TERHADAP KEPUASAN PELANGGAN SEPEDA MOTOR MEREK YAMAHA NEW JUPITER Z DI KOTA BANGKALAN,Hasan Basri,"Dr. Nurita Andriani, Ir., MM","Yustina Chrismardani, S.Si., MM","['tujuan', 'penelitian', 'pengaruh', 'variabel', 'persepsi', 'nilai', 'kualitas', 'produk', 'kualitas', 'pelayanan', 'harga', 'faktor', 'emosional', 'kemudahan', 'kepuasan', 'pelanggan', 'simultan', 'parsial', 'variebel', 'manakah', 'memilik', 'pengaruh', 'terbesar', 'kepuasan', 'pelanggan', 'produk', 'sepeda', 'motor', 'merek', 'yamaha', 'new', 'jupiter', 'kota', 'bangkalan', 'penelitian', 'pendekatan', 'kuantitatif', 'metode', 'analisis', 'data', 'regresi', 'liniear', 'berganda', 'populasi', 'penelitian', 'pelanggan', 'sepeda', 'motor', 'merek', 'yamaha', 'new', 'jupiter', 'kota', 'bangkalan', 'teknik', 'pengambilan', 'sampel', 'penelitian', 'metode', 'purposive', 'sampling', 'responden', 'responden', 'metode', 'pengumpulan', 'data', 'menyebarkan', 'kuesioner', 'hasilnya', 'diolah', 'bantuan', 'aplikasi', 'komputer', 'spss', 'for', 'windows', 'hasil', 'penelitian', 'membuktikan', 'uji', 'simultan', 'variabel', 'persepsi', 'nilai', 'kualitas', 'produk', 'kualitas', 'pelayanan', 'harga', 'faktor', 'emosional', 'kemudahan', 'berpengaruh', 'kepuasan', 'pelanggan', 'sepeda', 'motor', 'merek', 'yamaha', 'new', 'jupiter', 'kota', 'bangkalan', 'hasil', 'penelitian', 'membuktikan', 'uji', 'parsial', 'variabel', 'persepsi', 'nilai', 'kualitas', 'produk', 'kualitas', 'pelayanan', 'harga', 'faktor', 'emosional', 'kemudahan', 'berpengaruh', 'kepuasan', 'pelanggan', 'sepeda', 'motor', 'merek', 'yamaha', 'new', 'jupiter', 'kota', 'bangkalan', 'variabel', 'harga', 'memiliki', 'pengaruh', 'terbesar']",0
41,https://pta.trunojoyo.ac.id/welcome/detail/080211100040,ANALISIS VOLUME PERDAGANGAN SAHAM DAN RETURN SAHAM SEBELUM DAN SESUDAH STOCK SPLIT PADA PERUSAHAAN GO PUBLIC DI BURSA EFEK INDONESIA TAHUN 2007-2011,KUSNIYAH,"Hj.Evaliati Amaniyah, SE., MSM","Prasetyo Nugroho, SPi., MM","['kusniyah', 'analisis', 'volume', 'perdagangan', 'saham', 'return', 'saham', 'stock', 'split', 'perusahaan', 'go', 'public', 'bursa', 'efek', 'indonesia', 'dibawah', 'bimbingan', 'hj', 'evaliati', 'amaniyah', 'msm', 'prasetyo', 'nugroho', 'spi', 'mm', 'kenaikan', 'harga', 'saham', 'menyebabkan', 'permintaan', 'pembelian', 'saham', 'mengalami', 'penurunan', 'menyebabkan', 'harga', 'saham', 'perusahaan', 'statis', 'fluktuatif', 'menghindari', 'munculnya', 'kondisi', 'salah', 'langkah', 'diambil', 'perusahaan', 'stock', 'split', 'diharapkan', 'meningkatkan', 'likuiditas', 'saham', 'tujuan', 'penelitian', 'bertujuan', 'memperoleh', 'bukti', 'empiris', 'aktifitas', 'stock', 'split', 'perbedaan', 'volume', 'perdagangan', 'saham', 'memperoleh', 'bukti', 'empiris', 'aktifitas', 'stock', 'split', 'perbedaan', 'return', 'saham', 'pendekatan', 'penelitian', 'penelitian', 'pendekatan', 'kuantitatif', 'populasi', 'penelitian', 'perusahaan', 'go', 'public', 'bursa', 'efek', 'indonesia', 'aktifitas', 'stock', 'split', 'teknik', 'pengambilan', 'sampel', 'metode', 'purposive', 'sampling', 'sampel', 'perusahaan', 'dianalisis', 'uji', 'paired', 'sample', 'kesimpulan', 'penelitian', 'perbedaan', 'volume', 'perdagangan', 'saham', 'stock', 'split', 'perusahaan', 'sampel', 'perbedaan', 'volume', 'perdagangan', 'saham', 'stock', 'split', 'perusahaan', 'sampel', 'perbedaan', 'return', 'saham', 'stock', 'split', 'perusahaan', 'sampel', 'perbedaan', 'return', 'saham', 'stock', 'split', 'perusahaan', 'sampel', 'kunci', 'stock', 'split', 'volume', 'perdagangan', 'saham', 'return', 'saham']",2
42,https://pta.trunojoyo.ac.id/welcome/detail/090211100026,PERANAN MANAJEMEN PIUTANG TERTAHADAP RENTABILITAS ANTARA KOPERASI BERBASIS SYARIAH DENGAN KOPERASI BERBASIS KONVENSIONAL,MUZANNI,"HJ. EVALIATI AMANIYAH, SE, MSM.","PURNAMAWATI, SE, M.Si.","['muzanni', 'peranan', 'manajemen', 'piutang', 'tertahadap', 'rentabilitas', 'koperasi', 'berbasis', 'syariah', 'koperasi', 'berbasis', 'konvensional', 'studi', 'koperasi', 'bmt', 'ugt', 'sidogiri', 'cabang', 'pembantu', 'bangkalan', 'kpri', 'kopergu', 'bangkalan', 'bimbingan', 'hj', 'evaliati', 'amaniyah', 'msm', 'purnamawati', 'msi', 'lembaga', 'keuangan', 'memperoleh', 'pendapatan', 'pinjaman', 'pendanaan', 'nasabah', 'anggota', 'otomatis', 'piutang', 'modal', 'tertanam', 'piutang', 'potensi', 'keuntungan', 'diperoleh', 'modal', 'tertanam', 'piutang', 'potensi', 'keuntungan', 'didapatkan', 'besarnya', 'piutang', 'penerapan', 'manajemen', 'piutang', 'berpengaruh', 'rentabilitas', 'lembaga', 'tujuan', 'penelitian', 'peranan', 'pengelolaan', 'piutang', 'rentabilitas', 'diterapkan', 'koperasi', 'bmt', 'ugt', 'sidogiri', 'cabang', 'pembantu', 'bangkalan', 'kpri', 'kopergu', 'bangkalan', 'penelitian', 'pendekatan', 'deskriptif', 'alat', 'analisis', 'rasiorasio', 'rasio', 'aktivitas', 'rasio', 'rentabilitas', 'kesimpulan', 'penelitian', 'studi', 'manajemen', 'piutang', 'koperasi', 'bmt', 'ugt', 'sidogiri', 'cabang', 'pembantu', 'bangkalan', 'memiliki', 'kriterian', 'efisien', 'kpri', 'kopergu', 'bangkalan', 'efisien', 'koperasi', 'memiliki', 'tingkat', 'pertumbuhan', 'signifikan', 'koperasi', 'bmt', 'ugt', 'sidogiri', 'cabang', 'pembantu', 'bangkalan', 'memiliki', 'tingkat', 'perputaran', 'piutang', 'periode', 'pengumpulan', 'cepat', 'kpri', 'kopergu', 'bangkalan', 'global', 'rasio', 'rentabilitas', 'ekonomi', 'koperasi', 'bmt', 'ugt', 'sidogiri', 'cabang', 'pembantu', 'bangkalan', 'kategori', 'efisien', 'kpri', 'kopergu', 'bangkalan', 'kategori', 'efisien', 'perkembangan', 'rentabilitas', 'lembaga', 'kategori', 'efisien', 'perkembangan', 'rasio', 'rentabilitas', 'modal', 'dimiliki', 'koperasi', 'bmt', 'ugt', 'sidogiri', 'cabang', 'pembantu', 'bangkalan', 'mengalami', 'perkembangan', 'meningkat', 'kpri', 'kopergu', 'bangkalan', 'mengalami', 'penurunan', 'kunci', 'manajemen', 'piutang', 'rentabilitas']",0
43,https://pta.trunojoyo.ac.id/welcome/detail/090211100022,PENGARUH ATRIBUT PRODUK TERHADAP KEPUTUSAN PEMBELIAN MINYAK GORENG SANIA (Studi Pada Ibu-Ibu Di Perumahan Graha Kamal Permai Kecamatan Kamal),Anissa Novianti,"Dr. Nurita Andriani. Ir., MM","Hadi Purnomo, SE.,MM","['anissa', 'novianti', 'pengaruh', 'atribut', 'produk', 'keputusan', 'pembelian', 'minyak', 'goreng', 'sania', 'studi', 'ibuibu', 'perumahan', 'graha', 'kamal', 'permai', 'kecamatan', 'kamal', 'dibawah', 'bimbingan', 'dr', 'nurita', 'andriani', 'ir', 'mm', 'hadi', 'purnomo', 'mm', 'tujuan', 'penelitian', 'pengaruh', 'atribut', 'produk', 'merek', 'kemasan', 'label', 'simultan', 'keputusan', 'pembelian', 'minyak', 'goreng', 'sania', 'studi', 'ibuibu', 'perumahan', 'graha', 'kamal', 'permai', 'kecamatan', 'kamal', 'pengaruh', 'atribut', 'produk', 'merek', 'kemasan', 'label', 'parsial', 'keputusan', 'pembelian', 'minyak', 'goreng', 'sania', 'studi', 'ibuibu', 'perumahan', 'graha', 'kamal', 'permai', 'kecamatan', 'kamal', 'variabel', 'atribut', 'produk', 'berpengaruh', 'dominan', 'keputusan', 'pembelian', 'studi', 'ibuibu', 'perumahan', 'graha', 'kamal', 'permai', 'kecamatan', 'kamal', 'penelitian', 'pendekatan', 'kuantitatif', 'berusaha', 'pengaruh', 'atribut', 'produk', 'keputusan', 'pembelian', 'minyak', 'goreng', 'sania', 'studi', 'ibuibu', 'perumahan', 'graha', 'kamal', 'permai', 'kecamatan', 'kamal', 'teknik', 'pengambilan', 'sampel', 'simple', 'random', 'sampling', 'responden', 'teknik', 'pengumpulan', 'data', 'wawancara', 'kepustakaan', 'kuesioner', 'skala', 'likert', 'mengukur', 'responden', 'menguji', 'instrumen', 'uji', 'validitas', 'uji', 'reliabilitas', 'uji', 'asumsi', 'klasik', 'teknik', 'analisis', 'data', 'analisis', 'regresi', 'linier', 'berganda', 'variabel', 'variabel', 'uji', 'uji', 'hasil', 'penelitian', 'variabel', 'atribut', 'produk', 'merek', 'kemasan', 'label', 'berpengaruh', 'simultan', 'parsial', 'keputusan', 'pembelian', 'studi', 'ibuibu', 'perumahan', 'graha', 'kamal', 'permai', 'kecamatan', 'kamal', 'variabel', 'atribut', 'produk', 'berpengaruh', 'parsial', 'keputusan', 'pembelian', 'minyak', 'goreng', 'sania', 'studi', 'ibuibu', 'perumahan', 'graha', 'kamal', 'permai', 'kecamatan', 'kamal', 'variabel', 'berpengaruh', 'dominan', 'variabel', 'merek', 'kunci', 'atribut', 'produk', 'keputusan', 'pembelian']",1
44,https://pta.trunojoyo.ac.id/welcome/detail/090211100010,Pengaruh Strategi Promosi Terhadap Keputusan Pembelian Air Minum Dalam Kemasan (Studi Pada PT.MaanGhodaqo Siddiq Lestari Jombang),Ike miranti,"Bambang Setiyo Pambudi, S.E.,MM","Nirma Kurriwati,SP,Msi","['abstrak', 'ike', 'miranti', 'pengaruh', 'strategi', 'promosi', 'keputusan', 'pembelian', 'studi', 'pt', 'maan', 'ghodaqo', 'siddiq', 'lestari', 'jombang', 'dibimbing', 'bambang', 'setiyo', 'pambudi', 'semm', 'nirma', 'kurriwatispmsi', 'tujuan', 'penelitian', 'pengaruh', 'strategi', 'promosi', 'periklanan', 'promosi', 'penjualan', 'publisitas', 'penjualan', 'personal', 'berpengaruh', 'keputusan', 'pembelian', 'pt', 'maan', 'ghodaqo', 'siddiq', 'lestari', 'variabel', 'strategi', 'promosi', 'berpengaruh', 'keputusan', 'pembelian', 'studi', 'pt', 'maan', 'ghodaqo', 'siddiq', 'lestari', 'pendekatan', 'penelitian', 'penelitian', 'kuantitatif', 'penelitian', 'menitikberatkan', 'pengujian', 'hipotesis', 'populasi', 'penelitian', 'konsumen', 'membeli', 'air', 'mineral', 'kemasan', 'metode', 'pengambilan', 'sampel', 'purprosive', 'sampling', 'responden', 'penelitian', 'maret', 'metode', 'pengumpulan', 'data', 'menyebarkan', 'kuesioner', 'menguji', 'instrument', 'uji', 'validitas', 'uji', 'reabilitas', 'uji', 'asumsi', 'klasik', 'teknis', 'analisis', 'data', 'analisis', 'regresi', 'linier', 'berganda', 'memakaiuji', 'uji', 'teknik', 'pengolahan', 'data', 'penelitian', 'software', 'spss', 'versi', 'skala', 'likert', 'berdasarkan', 'hasil', 'penelitian', 'nilai', 'square', 'besarnya', 'pengaruh', 'variabel', 'bebas', 'variabel', 'terikat', 'sisanya', 'dipengaruhi', 'variabel', 'diteliti', 'penelitian', 'berdasarkan', 'uji', 'variabel', 'strategi', 'promosi', 'periklanan', 'promosi', 'penjualan', 'publisitas', 'penjualan', 'personal', 'simultan', 'berpengaruh', 'signifikan', 'keputusan', 'pembelian', 'air', 'mineral', 'kemasan', 'pt', 'maan', 'ghodaqo', 'siddiq', 'lestari', 'berdasarkan', 'uji', 'parsial', 'variabel', 'periklanan', 'berpengaruh', 'signifikan', 'variabel', 'terikat', 'variabel', 'promosi', 'penjualan', 'publisitas', 'penjualan', 'personal', 'berpengaruh', 'signifikan', 'keputusan', 'pembelian', 'variabel', 'berpengaruh', 'variabel', 'penjualan', 'personal', 'kunci', 'strategi', 'promosi', 'keputusan', 'pembelian']",1
45,https://pta.trunojoyo.ac.id/welcome/detail/090211100090,PENGARUH KUALITAS PELAYANAN TERHADAP KEPUASAN PASIEN PADA RUMAH SAKIT UMUM TERPADU SURABAYA,Annisa Lupita Rachmi Widhiastuti,"Dr. H. Muh. Syarif. Drs Ec., MM","Yustina Chrismardani. S.Si., MM","['abstrak', 'tujuan', 'penelitian', 'pengaruh', 'variabel', 'kualitas', 'pelayanan', 'profesionalisme', 'keterampilan', 'sikap', 'perilaku', 'aksesibilitas', 'fleksibilitas', 'reliabilitas', 'kepercayaan', 'reputasi', 'kredibilitas', 'service', 'recovery', 'serviscape', 'kepuasan', 'pasien', 'rumah', 'sakit', 'terpadu', 'surabaya', 'variabel', 'kualitas', 'pelayanan', 'berpengaruh', 'kepuasan', 'pasien', 'rumah', 'sakit', 'terpadu', 'surabaya', 'berdasarkan', 'hasil', 'penelitian', 'nilai', 'square', 'besarnya', 'pengaruh', 'variabel', 'bebas', 'variabel', 'terikat', 'sisanya', 'dipengaruhi', 'variabel', 'diteliti', 'penelitian', 'berdasarkan', 'uji', 'variabel', 'variabel', 'kualitas', 'pelayanan', 'profesionalisme', 'keterampilan', 'sikap', 'perilaku', 'aksesibilitas', 'fleksibilitas', 'reliabilitas', 'kepercayaan', 'reputasi', 'kredibilitas', 'service', 'recovery', 'servisecape', 'simultan', 'berpengaruh', 'signifikan', 'kepuasan', 'pasien', 'rumah', 'sakit', 'terpadu', 'surabaya', 'berdasarkan', 'uji', 'parsial', 'variabel', 'profesionalisme', 'keterampilan', 'sikap', 'perilaku', 'aksesibilitas', 'fleksibilitas', 'reliabilitas', 'kepercayaan', 'reputasi', 'kredibilitas', 'servisecape', 'berpengaruh', 'signifikan', 'variabel', 'terikat', 'variabel', 'service', 'recovery', 'berpengaruh', 'signifikan', 'kepuasan', 'pasien', 'rumah', 'sakit', 'terpadu', 'surabaya', 'variabel', 'berpengaruh', 'variabel', 'service', 'recovery', 'kunci', 'kualitas', 'pelayanan', 'kepuasan', 'pasien']",0
46,https://pta.trunojoyo.ac.id/welcome/detail/090211100102,PENGARUH IKLAN TERHADAP KEPUTUSAN PEMBELIAN KONSUMEN HELM MEREK INK DI BANGKALAN,MOHAMMAD YUNUS,"BAMBANG SETIYO PAMBUDI, SE., MM.","SUYONO, SE. MSM.","['tujuan', 'penlitian', 'variabel', 'iklan', 'berdasarkan', 'konsep', 'aida', 'berpengaruh', 'signifikan', 'keputusan', 'pembelian', 'helm', 'ink', 'kota', 'bangkalan', 'variabel', 'konsep', 'iklan', 'aida', 'manakah', 'berpengaruh', 'dominan', 'keputusan', 'pembelian', 'helm', 'ink', 'kota', 'bangkalan', 'penelitian', 'pendekatan', 'pendekatan', 'kuantitatif', 'berusaha', 'pengaruh', 'iklan', 'keputusan', 'pembelian', 'konsumen', 'helm', 'ink', 'bangkalan', 'teknik', 'pengambilan', 'sampel', 'purposive', 'sampling', 'responden', 'teknik', 'pengumpulan', 'data', 'kuesioner', 'kepustakaan', 'skala', 'likert', 'mengukur', 'responden', 'menguji', 'instrumen', 'uji', 'validitas', 'uji', 'reliabilitas', 'uji', 'asumsi', 'klasik', 'teknik', 'analisis', 'data', 'analisis', 'regresi', 'linier', 'berganda', 'variabel', 'variabel', 'uji', 'uji', 'hasil', 'penelitian', 'variabel', 'iklan', 'attention', 'interest', 'desire', 'action', 'berpengaruh', 'simultan', 'keputusan', 'pembelian', 'konsumen', 'helm', 'ink', 'bangkalan', 'variabel', 'attention', 'berpengaruh', 'dominan', 'keputusan', 'pembelian', 'konsumen', 'helm', 'ink', 'bangkalan', 'kunci', 'iklan', 'attention', 'interest', 'desire', 'action', 'keputusan', 'pembelian', 'konsumen']",1
47,https://pta.trunojoyo.ac.id/welcome/detail/090211100051,Pengaruh Harga dan Kualitas Produk Terhadap Keputusan Pembelian Pada Deterjen Rinso Anti Noda (Studi Pada Mahasiswa Universitas Trunojoyo Madura yang Berdomisili di Desa Telang Bangkalan),Eka Kurniawan Putra,"Dr.H.Pribanus Wantara, Drs., MM.","Hadi Purnomo, S.E., MM.","['abstrak', 'tujuan', 'penelitian', 'harga', 'kualitas', 'produk', 'berpengaruh', 'simultan', 'keputusan', 'pembelian', 'deterjen', 'rinso', 'anti', 'noda', 'harga', 'kualitas', 'produk', 'berpengaruh', 'parsial', 'keputusan', 'pembelian', 'deterjen', 'rinso', 'anti', 'noda', 'variabel', 'berpengaruh', 'dominan', 'keputusan', 'pembelian', 'deterjen', 'rinso', 'anti', 'noda', 'berdasarkan', 'hasil', 'penelitian', 'nilai', 'adjusted', 'square', 'besarnya', 'pengaruh', 'variabel', 'bebas', 'variabel', 'terikat', 'sisanya', 'dipengaruhi', 'variabel', 'diteliti', 'penelitian', 'berdasarkan', 'uji', 'harga', 'kualitas', 'produk', 'simultan', 'berpengaruh', 'signifikan', 'keputusan', 'pembelian', 'deterjen', 'rinso', 'anti', 'noda', 'studi', 'mahasiswa', 'universitas', 'trunojoyo', 'madura', 'berdomisili', 'desa', 'telang', 'bangkalan', 'berdasarkan', 'uji', 'parsial', 'variabel', 'harga', 'kualitas', 'produk', 'berpengaruh', 'signifikan', 'variabel', 'terikat', 'variabel', 'berpengaruh', 'dominan', 'variabel', 'harga', 'kunci', 'harga', 'kualitas', 'produk', 'keputusan', 'pembelian']",1
48,https://pta.trunojoyo.ac.id/welcome/detail/100211200001,ANALISA KUALITAS PELAYANAN JASA UNTUK MENGUKUR KEPUASAN PENGGUNA SEPEDA MOTOR DI JEMBATAN SURAMADU,Farid Ardyansyah,"Dr. H. Pribanus Wantara, Drs., MM","Hadi Purnomo, SE., MM","['abstrak', 'tujuan', 'penelitian', 'menganalisis', 'atribut', 'kualitas', 'pelayanan', 'berdasarkan', 'tingkat', 'kepentingan', 'tingkat', 'kinerja', 'pengguna', 'sepeda', 'motor', 'jembatan', 'suramadu', 'kepuasan', 'pengguna', 'sepeda', 'motor', 'kualitas', 'pelayanan', 'jembatan', 'suramadu', 'berdasarkan', 'hasil', 'penelitian', 'diagram', 'kartesius', 'importance', 'performance', 'enam', 'atribut', 'fokus', 'utama', 'ketidak', 'puasan', 'responden', 'lampu', 'penerangan', 'jembatan', 'suramadu', 'terpasang', 'menyala', 'malam', 'petugas', 'jasa', 'marga', 'berpenampilan', 'rapi', 'kondisi', 'jalan', 'jembatan', 'suramadu', 'mulus', 'berlubang', 'petugas', 'tiket', 'teliti', 'uang', 'kembalian', 'pt', 'jasa', 'marga', 'jaminan', 'asuransi', 'kecelakaan', 'pengguna', 'sepeda', 'motor', 'jembatan', 'suramadu', 'petugas', 'patroli', 'sungguhsungguh', 'memperhatikan', 'kepentingan', 'pengguna', 'sepeda', 'motor', 'mogokban', 'bocordll', 'kunci', 'kualitas', 'pelayanan', 'kepuasan', 'importance', 'performance']",0
49,https://pta.trunojoyo.ac.id/welcome/detail/090211100011,PENGARUH PERILAKU KONSUMEN TERHADAP KEPUTUSAN PEMBELIAN PRODUK SUSU CAIR INDOMILK (Studi Pada Konsumen Swalayan Tom & Jerry Bangkalan),Bany Azhar,"dr.drs.Ec.H.Muh.Syarif,Msi","Hadi Purnomo, SE., MM","['abstrak', 'tujuan', 'penelitian', 'pengaruh', 'perilaku', 'konsumen', 'kebudayaan', 'sosial', 'pribadi', 'psikologis', 'keputusan', 'pembelian', 'produk', 'susu', 'cair', 'merek', 'indomilk', 'swalayan', 'tom', 'jerry', 'bangkalan', 'variabel', 'manakah', 'perilaku', 'konsumen', 'berpengaruh', 'dominan', 'keputusan', 'pembelian', 'konsumen', 'produk', 'susu', 'cair', 'merek', 'indomilk', 'penelitian', 'pendekatan', 'pendekatan', 'kuantitatif', 'berusaha', 'pengaruh', 'perilaku', 'konsumen', 'keputusan', 'pembelian', 'produk', 'susu', 'cair', 'merek', 'indomilk', 'studi', 'konsumen', 'swalayan', 'tom', 'jerry', 'bangkalan', 'teknik', 'pengambilan', 'sampel', 'purposive', 'sampling', 'respondenteknik', 'pengumpulan', 'data', 'wawancara', 'kepustakaan', 'kuesioner', 'skala', 'likert', 'mengukur', 'respondenuntuk', 'menguji', 'instrumen', 'uji', 'validitas', 'uji', 'reliabilitas', 'uji', 'asumsi', 'klasiksedangkan', 'teknik', 'analisis', 'data', 'analisis', 'regresi', 'linier', 'berganda', 'variabel', 'variabel', 'uji', 'uji', 'hasil', 'penelitian', 'variabel', 'perilaku', 'konsumen', 'kebudayaan', 'sosial', 'pribadi', 'psikologis', 'berpengaruh', 'simultan', 'keputusan', 'pembelian', 'produk', 'susu', 'cair', 'merek', 'indomilk', 'variabel', 'psikologis', 'berpengaruh', 'dominan', 'keputusan', 'pembelian', 'produk', 'susu', 'cair', 'merek', 'indomilk', 'kunci', 'perilaku', 'konsumen', 'kebudayaan', 'sosial', 'pribadi', 'psikologis', 'keputusan', 'pembelian']",1
50,https://pta.trunojoyo.ac.id/welcome/detail/090211100052,"ANALISIS FAKTOR-FAKTOR YANG MENENTUKAN PREFERENSI BELANJA ONLINE PRODUK FASHION (Studi Pada Mahasiswa Fakultas Ekonomi, Universitas Trunojoyo Madura)",ulfiyatun Mutohharoh,"Drs. Mohamad Tambrin, MM.","Yustina Chrismardani, S.Si, MM.","['ulfiyatun', 'mutohharoh', 'analisis', 'faktorfaktor', 'menentukan', 'preferensi', 'belanja', 'online', 'produk', 'fashion', 'studi', 'mahasiwa', 'fakultas', 'ekonomi', 'trunojoyo', 'journal', 'of', 'economics', 'program', 'studi', 'manajemen', 'fakultas', 'ekonomi', 'universitas', 'trunojoyo', 'madura', 'universitas', 'trunojoyo', 'madura', 'dibawah', 'bimbingan', 'drs', 'mohamad', 'tambrin', 'mm', 'yustina', 'crismardani', 'ssi', 'mm', 'internet', 'sistem', 'informasi', 'global', 'berbasis', 'komputer', 'internet', 'perlahanlahan', 'menggeser', 'budaya', 'pembelian', 'produk', 'konvensional', 'praktis', 'modern', 'berbelanja', 'online', 'dirilis', 'detikcom', 'mahasiswa', 'pembelian', 'produk', 'online', 'produk', 'dibeli', 'mahasiswa', 'produk', 'fashion', 'penelitian', 'tujuan', 'menganalisis', 'faktorfaktor', 'menentukan', 'preferensi', 'belanja', 'online', 'produk', 'fashion', 'mahasiswa', 'fakultas', 'ekonomi', 'universitas', 'trunojoyo', 'madura', 'faktor', 'dipertimbangkan', 'menetukan', 'preferensi', 'belanja', 'online', 'produk', 'fashion', 'mahasiswa', 'fakultas', 'ekonomi', 'universitas', 'trunojoyo', 'madura', 'penelitian', 'variabel', 'bebas', 'variabel', 'terikat', 'variabel', 'berketergantungan', 'interdependent', 'variable', 'jenis', 'penelitian', 'penelitian', 'deskriptif', 'metode', 'penelitian', 'sampel', 'accidental', 'sampling', 'populasi', 'responden', 'mahasiswa', 'fakultas', 'ekonomi', 'universitas', 'trunojoyo', 'madura', 'berbelanja', 'produk', 'fashion', 'online', 'metode', 'analisis', 'analisis', 'faktor', 'hasil', 'penelitian', 'hasil', 'statistic', 'analisis', 'faktor', 'konfirmatori', 'didapatkan', 'nilai', 'kmo', 'item', 'variabel', 'preferensi', 'belanja', 'online', 'menghasilkan', 'nilai', 'rendah', 'klasifikasi', 'miserablenilai', 'kmo', 'rendah', 'hasil', 'statistik', 'analisis', 'faktor', 'konfirmatori', 'didapatkan', 'nilai', 'kmo', 'ukuran', 'kecukuperatan', 'hubungan', 'variabel', 'analisis', 'faktor', 'data', 'uji', 'analisis', 'faktor', 'layak', 'kesimpulan', 'penelitian', 'harga', 'pelayanan', 'alternatif', 'faktor', 'menentukan', 'preferensi', 'belanja', 'online', 'produk', 'fashion', 'mahasiswa', 'fakultas', 'ekonomi', 'universitas', 'trunojoyo', 'madura', 'berdasarkan', 'hasil', 'pengujian', 'faktor', 'harga', 'faktor', 'dipertimbangkan', 'mahasiswa', 'fakultas', 'ekonomi', 'universitas', 'trunojoyo', 'madura', 'menentukan', 'preferensi', 'belanja', 'online', 'produk', 'fashion']",0
51,https://pta.trunojoyo.ac.id/welcome/detail/090211100002,PENGARUH ATRIBUT PRODUK TERHADAP KEPUTUSAN PEMBELIAN PRODUK PENYEDAP RASA MASAKO (Studi pada Ibu-ibu Kecamatan Robatal Sampang),SUHAR,"Dr.Drs. Ec. H. Muh. Syarif, M.Si","Nirma Kurriwati, SP., M.Si","['abstrak', 'tujuan', 'penelitian', 'mengidentifikasi', 'variabelvariabel', 'atribut', 'produk', 'mempengaruhi', 'keputusan', 'pembelian', 'produk', 'penyedap', 'masako', 'simultan', 'parsial', 'variabel', 'manakah', 'berpengaruh', 'penelitian', 'metode', 'kuantitatif', 'dimana', 'populasinya', 'ibuibu', 'kecamatan', 'robatal', 'sampang', 'membeli', 'mengkonsumsi', 'produk', 'penyedap', 'masako', 'teknik', 'pengambilan', 'sampel', 'accidental', 'sampling', 'diperoleh', 'sampel', 'responden', 'hipotesis', 'penelitian', 'variabel', 'atribut', 'produk', 'merek', 'kemasan', 'pelabelan', 'layanan', 'pelengkap', 'berpengaruh', 'simultan', 'keputusan', 'pembelian', 'produk', 'penyedap', 'masako', 'variabel', 'merek', 'berpengaruh', 'keputusan', 'pembelian', 'produk', 'penyedap', 'masako', 'hasil', 'penelitian', 'uji', 'simultan', 'simultan', 'variabel', 'independen', 'merek', 'kemasan', 'pelabelan', 'layanan', 'pelengkap', 'mempengaruhi', 'variabel', 'dependen', 'keputusan', 'pembelian', 'hipotesis', 'diterima', 'hasil', 'uji', 'parsial', 'membuktikan', 'individu', 'variabel', 'bebas', 'berpengaruh', 'positif', 'signifikan', 'keputusan', 'pembelian', 'hasil', 'variabel', 'merek', 'pengaruh', 'hipotesis', 'diterima', 'simpulan', 'penelitian', 'simultan', 'pengaruh', 'signifikan', 'variabel', 'bebas', 'variabel', 'terikatnya', 'keputusan', 'pembelian', 'parsial', 'variabel', 'bebas', 'berpengaruh', 'positif', 'signifikan', 'keputusan', 'pembelian', 'masingmasing', 'variabel', 'bebas', 'parsial', 'individu', 'pengaruh', 'variabel', 'keputusan', 'pembelian', 'kunci', 'atribut', 'produk', 'keputusan', 'pembelian']",1
52,https://pta.trunojoyo.ac.id/welcome/detail/090211100003,PENGARUH UNSUR - UNSUR KOMUNIKASI TERHADAP PRODUKTIVITAS KERJA PEGAWAI NEGERI SIPIL DI DINAS PENDIDIKAN KABUPATEN BANGKALAN,Miftahurrahman,"Dr. Muhammad Alkirom Wildan, S.E.,M.Si","Helmi Buyung Aulia S, ST.,S.E.,MM.MT","['abstrak', 'penelitian', 'bertujuan', 'pengaruh', 'unsur', 'unsur', 'komunikasi', 'pengirim', 'pesan', 'komunikator', 'pesan', 'media', 'komunikasi', 'penerima', 'pesan', 'komunikan', 'umpan', 'produktifitas', 'kerja', 'pegawai', 'negeri', 'sipil', 'dinas', 'pendidikian', 'kabupaten', 'bangkalan', 'simultan', 'parsial', 'populasi', 'penelitian', 'pegawai', 'negeri', 'sipil', 'dinas', 'pendidikan', 'kabupaten', 'bangkalan', 'pegawai', 'sampel', 'pegawai', 'diambil', 'proporsional', 'random', 'sampling', 'metode', 'pengumpulan', 'data', 'membagikan', 'kuesioner', 'riset', 'perpustakaan', 'data', 'teknik', 'pengolahan', 'data', 'pengolahan', 'data', 'bantuan', 'perangkat', 'lunak', 'spss', 'versi', 'uji', 'validitas', 'uji', 'reabilitas', 'skala', 'likert', 'hasil', 'penelitian', 'faktor', 'faktor', 'komunikasi', 'simultan', 'pengaruh', 'signifikan', 'produktifitas', 'kerja', 'nilai', 'fhitung', 'ftabel', 'tingkat', 'signifikansi', 'koefisien', 'determinasi', 'berganda', 'variabel', 'komunikator', 'pesan', 'media', 'komunikasi', 'komunikan', 'umpan', 'menerangkan', 'variabel', 'produktifitas', 'kerja', 'sisanya', 'dipengaruhi', 'variabel', 'dimasukkan', 'model', 'penelitian', 'parsial', 'varibel', 'pengaruh', 'langsung', 'positif', 'signifikan', 'variabel', 'kominkator', 'komunikan', 'pesan', 'media', 'komunikasi', 'umpan', 'berpengaruh', 'positif', 'sigifikan', 'hasil', 'analisis', 'variabel', 'komunikator', 'peranan', 'dominan', 'upaya', 'meningkatkan', 'produktifitas', 'kerja', 'kunci', 'pengirim', 'pesan', 'komunikator', 'pesan', 'media', 'komunikasi', 'penerima', 'pesan', 'komunikan', 'umpan', 'produktivitas', 'kerja']",0
53,https://pta.trunojoyo.ac.id/welcome/detail/090211100058,PENGARUH PESAN IKLAN TELEVISI TERHADAP MINAT BELI JAMU TOLAK ANGIN SIDO MUNCUL PADA KONSUMEN PASAR MANYAR SURABAYA,sahid,Drs. muhamad tambrin. MM,"Hadi Purnomo, SE., MM","['abstrak', 'tujuan', 'penelitian', 'pengaruh', 'pesan', 'iklan', 'televisi', 'isi', 'pesan', 'struktur', 'pesan', 'format', 'pesan', 'sumber', 'pesan', 'simultan', 'minat', 'beli', 'jamu', 'tolak', 'angin', 'sido', 'muncul', 'konsumen', 'pasar', 'manyar', 'surabaya', 'variabel', 'pesan', 'iklan', 'televisi', 'berpengaruh', 'dominan', 'minat', 'beli', 'jamu', 'tolak', 'angin', 'sido', 'muncul', 'konsumen', 'pasar', 'manyar', 'surabaya', 'penelitian', 'pendekatan', 'pendekatan', 'kuantitatif', 'berusaha', 'pengaruh', 'pesan', 'iklan', 'televisi', 'minat', 'beli', 'jamu', 'tolak', 'angin', 'sido', 'muncul', 'konsumen', 'pasar', 'manyar', 'surabaya', 'teknik', 'pengambilan', 'sampel', 'purposive', 'sampling', 'respondenteknik', 'pengumpulan', 'data', 'wawancara', 'kepustakaan', 'kuesioner', 'skala', 'likert', 'mengukur', 'respondenuntuk', 'menguji', 'instrumen', 'uji', 'validitas', 'uji', 'reliabilitas', 'uji', 'asumsi', 'klasiksedangkan', 'teknik', 'analisis', 'data', 'analisis', 'regresi', 'linier', 'berganda', 'variabel', 'variabel', 'uji', 'uji', 'hasil', 'penelitian', 'variabel', 'pesan', 'iklan', 'televisi', 'isi', 'pesan', 'struktur', 'pesan', 'format', 'pesan', 'sumber', 'pesan', 'simultan', 'minat', 'beli', 'jamu', 'tolak', 'angin', 'sido', 'muncul', 'konsumen', 'pasar', 'manyar', 'surabaya', 'variabel', 'isi', 'pesan', 'berpengaruh', 'dominan', 'minat', 'beli', 'jamu', 'tolak', 'angin', 'sido', 'muncul', 'konsumen', 'pasar', 'manyar', 'surabaya', 'kuci', 'pesan', 'iklan', 'televisi', 'isi', 'pesan', 'struktur', 'pesan', 'format', 'pesan', 'sumber', 'pesan', 'minat', 'beli']",1
54,https://pta.trunojoyo.ac.id/welcome/detail/090211100069,PENGARUH BAURAN PEMASARAN TERHADAP KEPUTUSAN PEMBELIAN PRODUK PETIS IKAN TUNA H.DIYA SAMPANG (STUDI PADA MASYARAKAT KELURAHAN BANYUANYAR KABUPATEN SAMPANG),NUR FADILAH,"Dr.H.Pribanus Wantara,Drs.,MM","Yustina Chrismardani,S.Si.,MM","['abstrak', 'tujuan', 'penelitian', 'pengaruh', 'bauran', 'pemasaran', 'produk', 'harga', 'distribusi', 'promosi', 'signifikan', 'simultan', 'parsial', 'keputusan', 'pembelian', 'konsumen', 'variabel', 'manakah', 'berpengaruh', 'dominan', 'keputusan', 'konsumen', 'pembelian', 'produk', 'petis', 'ikan', 'tuna', 'hdiya', 'kelurahan', 'banyuanyar', 'kabupaten', 'sampang', 'objek', 'penelitian', 'kosumen', 'produk', 'petis', 'ikan', 'tuna', 'hdiya', 'kelurahan', 'banyuanyar', 'kabupaten', 'sampang', 'sampel', 'konsumen', 'teknik', 'analisis', 'data', 'meguji', 'hipotesis', 'regresi', 'linier', 'berganda', 'memakai', 'uji', 'uji', 'berdasar', 'hasil', 'penelitian', 'model', 'regresi', 'linier', 'berganda', 'sistematis', 'hasil', 'analisis', 'penelitian', 'simultan', 'uji', 'bauran', 'pemasaran', 'produk', 'harga', 'distribusi', 'promosi', 'bersamasama', 'pengaruh', 'signifikan', 'keputusan', 'pembelian', 'produk', 'petis', 'ikan', 'tuna', 'hdiya', 'kelurahan', 'banyuanyar', 'kabupaten', 'sampang', 'parsial', 'uji', 'variabel', 'produk', 'harga', 'promosi', 'berpengaruh', 'signifikan', 'variabel', 'ditribusi', 'berpengaruh', 'signifikan', 'keputusan', 'pembelian', 'produk', 'petis', 'ikan', 'tuna', 'hdiya', 'kelurahan', 'banyuanyar', 'kabupaten', 'sampang', 'variabel', 'produk', 'berpengaruh', 'keputusan', 'pembelian', 'kunci', 'produk', 'harga', 'promosi', 'distribusi', 'keputusan', 'pembelian']",1
55,https://pta.trunojoyo.ac.id/welcome/detail/090211100056,"PENGARUH HARGA DAN KUALITAS PRODUK TERHADAP KEPUTUSAN PEMBELIAN
( STUDI PADA MARTABAK HAWAII DI BANGKALAN )
",Irnita Agustin Putri,"Dr. Drs. Ec H. Muh Syarif, M.Si","Hadi Purnomo, S.E., MM","['abstrak', 'tujuan', 'penelitian', 'variabel', 'harga', 'kualitas', 'produk', 'berpengaruh', 'simultan', 'keputusan', 'pembelian', 'martabak', 'hawaii', 'bangkalan', 'harga', 'kualitas', 'produk', 'berpengaruh', 'parsial', 'keputusan', 'pembelian', 'martabak', 'hawaii', 'bangkalan', 'variabel', 'harga', 'kualitas', 'produk', 'pengaruh', 'dominan', 'keputusan', 'pembelian', 'martabak', 'hawaii', 'bangkalan', 'pendekatan', 'penelitian', 'penelitian', 'kuantitatif', 'penelitian', 'berlandaskan', 'filsafat', 'positivisme', 'bertujuan', 'menguji', 'hipotesis', 'ditetapkan', 'sampel', 'penelitian', 'konsumen', 'pembelian', 'martabak', 'hawaii', 'bangkalan', 'konsumen', 'metode', 'pengambilan', 'sampel', 'accidental', 'sampling', 'pengujian', 'instrumen', 'uji', 'validitas', 'reliabilitas', 'uji', 'asumsi', 'klasik', 'teknik', 'analisis', 'data', 'menguji', 'hipotesis', 'regresi', 'linier', 'berganda', 'memakai', 'uji', 'uji', 'berdasarkan', 'hasil', 'penelitian', 'nilai', 'adjusted', 'square', 'besarnya', 'pengaruh', 'variabel', 'bebas', 'variabel', 'terikat', 'sisanya', 'dipengaruhi', 'variabel', 'diteliti', 'penelitian', 'berdasarkan', 'uji', 'variabel', 'harga', 'kualitas', 'produk', 'simultan', 'berpengaruh', 'signifikan', 'keputusan', 'pembelian', 'martabak', 'hawaii', 'bangkalan', 'berdasarkan', 'uji', 'parsial', 'variabel', 'harga', 'kualitas', 'produk', 'berpengaruh', 'signifikan', 'variabel', 'terikat', 'variabel', 'berpengaruh', 'variabel', 'kualitas', 'produk', 'kunci', 'harga', 'kualitas', 'produk', 'keputusan', 'pembelian']",1
56,https://pta.trunojoyo.ac.id/welcome/detail/090211100006,Pengaruh Ekuitas Merek Terhadap Keputusan Pembelian Handphone Blackberry (Studi Pada Mahasiswa Universitas Trunojoyo Madura),NUR HALIMAH,"Dr. H. Pribanus Wantara, Drs., MM","Suyono SE., MSM","['abstrak', 'tujuan', 'penelitian', 'pengaruh', 'elemenelemen', 'ekuitas', 'merek', 'kesadaran', 'merek', 'brand', 'awareness', 'asosiasi', 'merek', 'brand', 'assocations', 'kesan', 'kualitas', 'perceived', 'quality', 'loyalitas', 'merek', 'brand', 'loyalty', 'simultan', 'keputusan', 'pembelian', 'variabel', 'ekuitas', 'merek', 'variabel', 'manakah', 'dominan', 'pengaruh', 'keputusan', 'pembelian', 'handphone', 'blackberry', 'penelitian', 'pendekatan', 'kuantitatif', 'berusaha', 'pengaruh', 'ekuitas', 'merek', 'keputusan', 'pembelian', 'handphone', 'blackberry', 'studi', 'mahasiswa', 'universitas', 'trunojoyo', 'madurateknik', 'pengambilan', 'sampel', 'purposive', 'sampling', 'respondenteknik', 'pengumpulan', 'data', 'wawancara', 'kepustakaan', 'kuesioner', 'skala', 'likert', 'mengukur', 'respondenuntuk', 'menguji', 'instrumen', 'uji', 'validitas', 'uji', 'reliabilitas', 'uji', 'asumsi', 'klasiksedangkan', 'teknik', 'analisis', 'data', 'analisis', 'regresi', 'linier', 'berganda', 'variabel', 'variabel', 'uji', 'uji', 'hasil', 'penelitian', 'variabel', 'ekuitas', 'merek', 'kesadaran', 'merek', 'kesan', 'kualitas', 'asosiasi', 'merek', 'loyalitas', 'merek', 'berpengaruh', 'simultan', 'keputusan', 'pembelian', 'handphone', 'blackberry', 'studi', 'mahasiswa', 'universitas', 'trunojoyo', 'maduravariabel', 'loyalitas', 'merek', 'berpengaruh', 'dominan', 'keputusan', 'pembelian']",1
57,https://pta.trunojoyo.ac.id/welcome/detail/090211100073,"PENGARUH HARGA DAN MEREK TERHADAP KEPUTUSAN PEMBELIAN PRODUK MEREK TOKO
(Studi Pada Kopontren Sidogiri Cabang Tanah Merah Di Bangkalan)",rofiki amir,"Bambang Setiyo Pambudi, SE. MM","Suyono, SE. M. S. M","['abstrak', 'harga', 'merek', 'salah', 'langkah', 'diperhatikan', 'perusahaan', 'menghasilkan', 'produk', 'merek', 'pemasaran', 'diharapkan', 'perusahaan', 'diterima', 'konsumen', 'bergerak', 'bidang', 'produksi', 'barang', 'jasa', 'swalayan', 'kopontren', 'sidogiri', 'cabang', 'tanah', 'merah', 'salah', 'bisnis', 'eceran', 'bergerak', 'jual', 'beli', 'barang', 'memperhatikan', 'perilaku', 'konsumen', 'mengambil', 'keputusan', 'tujuan', 'penelitian', 'pengaruh', 'harga', 'merek', 'simultan', 'keputusan', 'pembelian', 'konsumen', 'studi', 'swalayan', 'kopontren', 'sidogiri', 'cabang', 'tanah', 'merah', 'variabel', 'berpengaruh', 'keputusan', 'pembelian', 'studi', 'swalayan', 'kopontren', 'sidogiri', 'cabang', 'tanah', 'merah', 'penelitian', 'pendekatan', 'pendekatan', 'kuantitatif', 'berusaha', 'pengaruh', 'harga', 'merek', 'keputusan', 'pembelian', 'studi', 'swalayan', 'kopontren', 'sidogiri', 'cabang', 'tanah', 'merah', 'teknik', 'pengambilan', 'sampel', 'purposive', 'sampling', 'responden', 'teknik', 'pengumpulan', 'data', 'wawancara', 'kepustakaan', 'kuesioner', 'skala', 'likert', 'mengukur', 'responden', 'menguji', 'instrumen', 'uji', 'validitas', 'uji', 'reliabilitas', 'uji', 'asumsi', 'klasik', 'teknik', 'analisis', 'data', 'analisis', 'regresi', 'linier', 'berganda', 'variabel', 'variabel', 'uji', 'uji', 'hasil', 'penelitian', 'variabel', 'harga', 'merek', 'berpengaruh', 'parsial', 'simultan', 'keputusan', 'pembelian', 'studi', 'swalayan', 'kopontren', 'sidogiri', 'cabang', 'tanah', 'merah', 'variabel', 'merek', 'berpengaruh', 'keputusan', 'pemebelian', 'studi', 'swalayan', 'kopontren', 'sidogiri', 'cabang', 'tanah', 'merah', 'kuci', 'harga', 'merek', 'keputusan', 'pembelian']",1
58,https://pta.trunojoyo.ac.id/welcome/detail/090211100097,PENGARUH KONFLIK PERAN GANDA PERAWAT WANITA TERHADAP KINERJANYA PADA RS SYAMRABU BANGKALAN,Ahmad Aminuddin Nurdiansyah,"Dr. Hj. Iriani Ismail, Dra., MM","Helmi Buyung Aulia S, ST., SE., MMT","['menjalani', 'pekerjaan', 'mencampur', 'adukkan', 'permasalahan', 'dirumah', 'rumah', 'tangga', 'membawa', 'permasalahan', 'pekerjaan', 'kedalam', 'keluarga', 'sulit', 'penuh', 'beban', 'berat', 'rumah', 'tangga', 'berdampak', 'pekerjaannya', 'jenis', 'tugas', 'maksimal', 'dilakukannya', 'tugas', 'kota', 'tugas', 'mengikuti', 'pendidikan', 'pelatihan', 'jangka', 'kerja', 'lembur', 'tujuan', 'penelitian', 'pengaruh', 'konflik', 'peran', 'ganda', 'variabel', 'konflik', 'pekerjaankeluarga', 'konflik', 'keluargapekerjaan', 'berpengaruh', 'simultan', 'kinerja', 'perawat', 'wanita', 'rs', 'syamrabu', 'bangkalan', 'pengaruh', 'konflik', 'peran', 'ganda', 'konflik', 'pekerjaankeluarga', 'konflik', 'keluargapekerjaan', 'berpengaruh', 'parsial', 'kinerja', 'perawat', 'wanita', 'rs', 'syamrabu', 'bangkalan', 'sampel', 'penelitian', 'perawat', 'wanita', 'rs', 'syamrabu', 'bangkalan', 'orang', 'metode', 'pengambilan', 'sampel', 'purpossive', 'sampling', 'pengujian', 'instrumen', 'uji', 'validitas', 'reliabilitas', 'uji', 'asumsi', 'klasik', 'teknik', 'analisis', 'data', 'menguji', 'hipotesis', 'regresi', 'linier', 'berganda', 'memakai', 'uji', 'uji', 'berdasarkan', 'hasil', 'penelitian', 'nilai', 'adjusted', 'square', 'besarnya', 'pengaruh', 'variabel', 'bebas', 'variabel', 'terikat', 'sisanya', 'dipengaruhi', 'variabel', 'diteliti', 'penelitian', 'berdasarkan', 'uji', 'variabel', 'konflik', 'pekerjaankeluarga', 'konflik', 'keluargapekerjaan', 'simultan', 'berpengaruh', 'signifikan', 'kinerjanya', 'rs', 'syamrabu', 'bangkalan', 'berdasarkan', 'uji', 'parsial', 'variabel', 'konflik', 'pekerjaankeluarga', 'berpengaruh', 'signifikan', 'positif', 'variabel', 'konflik', 'keluargapekerjaan', 'berpengaruh', 'signifikan', 'negatif', 'variabel', 'terikat', 'kunci', 'konflik', 'peran', 'ganda', 'konflik', 'pekerjaankeluarga', 'konflik', 'keluargapekerjaan', 'kinerja']",0
59,https://pta.trunojoyo.ac.id/welcome/detail/090211100042,PENGARUH MARKETING MIX TERHADAP KEPUTUSAN PEMBELIAN ROKOK SAMPOERNA U MILD (Studi Pada Konsumen Rokok Sampoena U Mild di Socah),ERLY ARINDA NOVITA YULIATI,"Dr. H. Pribanus Wantara, Drs., MM.","YustinaChrismardani,S.Si., MM.","['tujuan', 'penelitian', 'marketing', 'mix', 'produk', 'harga', 'promosi', 'distribusi', 'berpengaruh', 'simultan', 'parsial', 'keputusan', 'pembelian', 'konsumen', 'variabel', 'manakah', 'berpengaruh', 'dominan', 'keputusan', 'konsumen', 'pembelian', 'rokok', 'mild', 'objek', 'penelitian', 'konsumen', 'rokok', 'mild', 'socah', 'sampel', 'konsumen', 'teknik', 'analisis', 'data', 'meguji', 'hipotesis', 'regresi', 'linier', 'berganda', 'hasil', 'analisis', 'penelitian', 'simultan', 'uji', 'marketing', 'mix', 'produk', 'harga', 'promosi', 'distribusi', 'bersamasama', 'pengaruh', 'signifikan', 'keputusan', 'pembelian', 'rokok', 'mild', 'socah', 'parsial', 'uji', 'variabel', 'promosi', 'harga', 'promosi', 'distribusi', 'berpengaruh', 'signifikan', 'variabel', 'harga', 'berpengaruh', 'keputusan', 'pembelian', 'disimpulkan', 'meningkatkan', 'keputusan', 'pembelian', 'rokok', 'mild', 'socah', 'meningkatkan', 'marketing', 'mix', 'segi', 'produk', 'harga', 'promosi', 'distribusi', 'kunci', 'produk', 'harga', 'promosi', 'distribusi', 'keputusan', 'pembelian']",1
